AGO_ADJ;Angouleme;Angouleme;Angouleme;;;;;;;;;;;x;;;;;;;;;;;;;;;;;;
AGO;Angouleme;Angouleme;Angouleme;;;;;;;;;;;x;;;;;;;;;;;;;;;;;;
AGO_proletarian_dictatorship;Republic of Angouleme;Republic of Angouleme;Republic of Angouleme;;;;;;;;;;;x;;;;;;;;;;;;;;;;;;
AGO_presidential_dictatorship;Republic of Angouleme;Republic of Angouleme;Republic of Angouleme;;;;;;;;;;;x;;;;;;;;;;;;;;;;;;
AGO_colonial_company;Angouleme;Angouleme;Angouleme;;;;;;;;;;;x;;;;;;;;;;;;;;;;;;
AGO_dominion;Angouleme;Angouleme;Angouleme;;;;;;;;;;;x;;;;;;;;;;;;;;;;;;
AGO_bourgeois_dictatorship;Republic of Angouleme;Republic of Angouleme;Republic of Angouleme;;;;;;;;;;;x;;;;;;;;;;;;;;;;;;
AGO_fascist_dictatorship;Angouleme French State;Angouleme French State;Angouleme French State;;;;;;;;;;;x;;;;;;;;;;;;;;;;;;
AGO_absolute_monarchy;Duchy of Angouleme;Duchy of Angouleme;Duchy of Angouleme;;;;;;;;;;;x;;;;;;;;;;;;;;;;;;
AGO_prussian_constitutionalism;Duchy of Angouleme;Duchy of Angouleme;Duchy of Angouleme;;;;;;;;;;;x;;;;;;;;;;;;;;;;;;
AGO_hms_government;Duchy of Angouleme;Duchy of Angouleme;Duchy of Angouleme;;;;;;;;;;;x;;;;;;;;;;;;;;;;;;
AGO_democracy;Republic of Angouleme;Republic of Angouleme;Republic of Angouleme;;;;;;;;;;;x;;;;;;;;;;;;;;;;;;
AGO_federal_democracy;Republic of Angouleme;Republic of Angouleme;Republic of Angouleme;;;;;;;;;;;x;;;;;;;;;;;;;;;;;;
AGO_theocracy;Angouleme;Angouleme;Angouleme;;;;;;;;;;;x;;;;;;;;;;;;;;;;;;
AGO_french_bourbon;Duchy of Angouleme;Duchy of Angouleme;Duchy of Angouleme;;;;;;;;;;;x;;;;;;;;;;;;;;;;;;
AGO_conservative_92;Conservatives;Conservatives;Conservatives;;;;;;;;;;;x;;;;;;;;;;;;;;;;;;
AGO_liberal_79;Liberals;Liberals;Liberals;;;;;;;;;;;x;;;;;;;;;;;;;;;;;;
AGO_liberal_87;National Liberals;National Liberals;National Liberals;;;;;;;;;;;x;;;;;;;;;;;;;;;;;;
AGO_socialist_85;Socialists;Socialists;Socialists;;;;;;;;;;;x;;;;;;;;;;;;;;;;;;
AGO_socialist_99;National Socialists;National Socialists;National Socialists;;;;;;;;;;;x;;;;;;;;;;;;;;;;;;
AGO_reactionary_84;Monarchy Leadership;Monarchy Leadership;Monarchy Leadership;;;;;;;;;;;x;;;;;;;;;;;;;;;;;;
AGO_anarcho_liberal_93;Radical Liberals;Radical Liberals;Radical Liberals;;;;;;;;;;;x;;;;;;;;;;;;;;;;;;
AGO_communist_86;Communists;Communists;Communists;;;;;;;;;;;x;;;;;;;;;;;;;;;;;;
AGO_fascist_72;Fascists;Fascists;Fascists;;;;;;;;;;;x;;;;;;;;;;;;;;;;;;
ANC_ADJ;Anconian;Anconian;Anconian;;;;;;;;;;;x;;;;;;;;;;;;;;;;;;
ANC;Ancona;Ancona;Ancona;;;;;;;;;;;x;;;;;;;;;;;;;;;;;;
ANC_proletarian_dictatorship;Ancona;Ancona;Ancona;;;;;;;;;;;x;;;;;;;;;;;;;;;;;;
ANC_presidential_dictatorship;Duchy of Ancona;Duchy of Ancona;Duchy of Ancona;;;;;;;;;;;x;;;;;;;;;;;;;;;;;;
ANC_colonial_company;Ancona;Ancona;Ancona;;;;;;;;;;;x;;;;;;;;;;;;;;;;;;
ANC_dominion;Ancona;Ancona;Ancona;;;;;;;;;;;x;;;;;;;;;;;;;;;;;;
ANC_bourgeois_dictatorship;Ancona;Ancona;Ancona;;;;;;;;;;;x;;;;;;;;;;;;;;;;;;
ANC_fascist_dictatorship;Ancona;Ancona;Ancona;;;;;;;;;;;x;;;;;;;;;;;;;;;;;;
ANC_absolute_monarchy;Duchy of Ancona;Duchy of Ancona;Duchy of Ancona;;;;;;;;;;;x;;;;;;;;;;;;;;;;;;
ANC_prussian_constitutionalism;Duchy of Ancona;Duchy of Ancona;Duchy of Ancona;;;;;;;;;;;x;;;;;;;;;;;;;;;;;;
ANC_hms_government;Duchy of Ancona;Duchy of Ancona;Duchy of Ancona;;;;;;;;;;;x;;;;;;;;;;;;;;;;;;
ANC_democracy;Ancona;Ancona;Ancona;;;;;;;;;;;x;;;;;;;;;;;;;;;;;;
ANC_federal_democracy;Ancona;Ancona;Ancona;;;;;;;;;;;x;;;;;;;;;;;;;;;;;;
ANC_theocracy;Ancona;Ancona;Ancona;;;;;;;;;;;x;;;;;;;;;;;;;;;;;;
ANC_french_bourbon;Duchy of Ancona;Duchy of Ancona;Duchy of Ancona;;;;;;;;;;;x;;;;;;;;;;;;;;;;;;
ANC_conservative_92;Conservatives;Conservatives;Conservatives;;;;;;;;;;;x;;;;;;;;;;;;;;;;;;
ANC_liberal_79;Liberals;Liberals;Liberals;;;;;;;;;;;x;;;;;;;;;;;;;;;;;;
ANC_liberal_87;National Liberals;National Liberals;National Liberals;;;;;;;;;;;x;;;;;;;;;;;;;;;;;;
ANC_socialist_85;Socialists;Socialists;Socialists;;;;;;;;;;;x;;;;;;;;;;;;;;;;;;
ANC_socialist_99;National Socialists;National Socialists;National Socialists;;;;;;;;;;;x;;;;;;;;;;;;;;;;;;
ANC_reactionary_84;Monarchy Leadership;Monarchy Leadership;Monarchy Leadership;;;;;;;;;;;x;;;;;;;;;;;;;;;;;;
ANC_anarcho_liberal_93;Radical Liberals;Radical Liberals;Radical Liberals;;;;;;;;;;;x;;;;;;;;;;;;;;;;;;
ANC_communist_86;Communists;Communists;Communists;;;;;;;;;;;x;;;;;;;;;;;;;;;;;;
ANC_fascist_72;Fascists;Fascists;Fascists;;;;;;;;;;;x;;;;;;;;;;;;;;;;;;
ANG_ADJ;Angers;Angers;Angers;;;;;;;;;;;x;;;;;;;;;;;;;;;;;;
ANG;Angers;Angers;Angers;;;;;;;;;;;x;;;;;;;;;;;;;;;;;;
ANG_proletarian_dictatorship;Republic of Angers;Republic of Angers;Republic of Angers;;;;;;;;;;;x;;;;;;;;;;;;;;;;;;
ANG_presidential_dictatorship;Republic of Angers;Republic of Angers;Republic of Angers;;;;;;;;;;;x;;;;;;;;;;;;;;;;;;
ANG_colonial_company;Angers;Angers;Angers;;;;;;;;;;;x;;;;;;;;;;;;;;;;;;
ANG_dominion;Angers;Angers;Angers;;;;;;;;;;;x;;;;;;;;;;;;;;;;;;
ANG_bourgeois_dictatorship;Republic of Angers;Republic of Angers;Republic of Angers;;;;;;;;;;;x;;;;;;;;;;;;;;;;;;
ANG_fascist_dictatorship;Angers French State;Angers French State;Angers French State;;;;;;;;;;;x;;;;;;;;;;;;;;;;;;
ANG_absolute_monarchy;Duchy of Angers;Duchy of Angers;Duchy of Angers;;;;;;;;;;;x;;;;;;;;;;;;;;;;;;
ANG_prussian_constitutionalism;Duchy of Angers;Duchy of Angers;Duchy of Angers;;;;;;;;;;;x;;;;;;;;;;;;;;;;;;
ANG_hms_government;Duchy of Angers;Duchy of Angers;Duchy of Angers;;;;;;;;;;;x;;;;;;;;;;;;;;;;;;
ANG_democracy;Republic of Angers;Republic of Angers;Republic of Angers;;;;;;;;;;;x;;;;;;;;;;;;;;;;;;
ANG_federal_democracy;Republic of Angers;Republic of Angers;Republic of Angers;;;;;;;;;;;x;;;;;;;;;;;;;;;;;;
ANG_theocracy;Angers;Angers;Angers;;;;;;;;;;;x;;;;;;;;;;;;;;;;;;
ANG_french_bourbon;Duchy of Angers;Duchy of Angers;Duchy of Angers;;;;;;;;;;;x;;;;;;;;;;;;;;;;;;
ANG_conservative_92;Conservatives;Conservatives;Conservatives;;;;;;;;;;;x;;;;;;;;;;;;;;;;;;
ANG_liberal_79;Liberals;Liberals;Liberals;;;;;;;;;;;x;;;;;;;;;;;;;;;;;;
ANG_liberal_87;National Liberals;National Liberals;National Liberals;;;;;;;;;;;x;;;;;;;;;;;;;;;;;;
ANG_socialist_85;Socialists;Socialists;Socialists;;;;;;;;;;;x;;;;;;;;;;;;;;;;;;
ANG_socialist_99;National Socialists;National Socialists;National Socialists;;;;;;;;;;;x;;;;;;;;;;;;;;;;;;
ANG_reactionary_84;Monarchy Leadership;Monarchy Leadership;Monarchy Leadership;;;;;;;;;;;x;;;;;;;;;;;;;;;;;;
ANG_anarcho_liberal_93;Radical Liberals;Radical Liberals;Radical Liberals;;;;;;;;;;;x;;;;;;;;;;;;;;;;;;
ANG_communist_86;Communists;Communists;Communists;;;;;;;;;;;x;;;;;;;;;;;;;;;;;;
ANG_fascist_72;Fascists;Fascists;Fascists;;;;;;;;;;;x;;;;;;;;;;;;;;;;;;
ARA_ADJ;Aragonese;Aragonese;Aragonese;;;;;;;;;;;x;;;;;;;;;;;;;;;;;;
ARA;Aragon;Aragon;Aragon;;;;;;;;;;;x;;;;;;;;;;;;;;;;;;
ARA_proletarian_dictatorship;Araganese People's Republic;Araganese People's Republic;Araganese People's Republic;;;;;;;;;;;x;;;;;;;;;;;;;;;;;;
ARA_presidential_dictatorship;Republic of Aragon;Republic of Aragon;Republic of Aragon;;;;;;;;;;;x;;;;;;;;;;;;;;;;;;
ARA_colonial_company;Aragon;Aragon;Aragon;;;;;;;;;;;x;;;;;;;;;;;;;;;;;;
ARA_dominion;Aragon;Aragon;Aragon;;;;;;;;;;;x;;;;;;;;;;;;;;;;;;
ARA_bourgeois_dictatorship;Republic of Aragon;Republic of Aragon;Republic of Aragon;;;;;;;;;;;x;;;;;;;;;;;;;;;;;;
ARA_fascist_dictatorship;Catalan Empire;Catalan Empire;Catalan Empire;;;;;;;;;;;x;;;;;;;;;;;;;;;;;;
ARA_absolute_monarchy;Kingdom of Aragon;Kingdom of Aragon;Kingdom of Aragon;;;;;;;;;;;x;;;;;;;;;;;;;;;;;;
ARA_prussian_constitutionalism;Kingdom of Aragon;Kingdom of Aragon;Kingdom of Aragon;;;;;;;;;;;x;;;;;;;;;;;;;;;;;;
ARA_hms_government;Kingdom of Aragon;Kingdom of Aragon;Kingdom of Aragon;;;;;;;;;;;x;;;;;;;;;;;;;;;;;;
ARA_democracy;Republic of Aragon;Republic of Aragon;Republic of Aragon;;;;;;;;;;;x;;;;;;;;;;;;;;;;;;
ARA_federal_democracy;Aragon;Aragon;Aragon;;;;;;;;;;;x;;;;;;;;;;;;;;;;;;
ARA_theocracy;Aragon;Aragon;Aragon;;;;;;;;;;;x;;;;;;;;;;;;;;;;;;
ARA_french_bourbon;Kingdom of Aragon;Kingdom of Aragon;Kingdom of Aragon;;;;;;;;;;;x;;;;;;;;;;;;;;;;;;
ARA_conservative_92;Conservatives;Conservatives;Conservatives;;;;;;;;;;;x;;;;;;;;;;;;;;;;;;
ARA_liberal_79;Liberals;Liberals;Liberals;;;;;;;;;;;x;;;;;;;;;;;;;;;;;;
ARA_liberal_87;National Liberals;National Liberals;National Liberals;;;;;;;;;;;x;;;;;;;;;;;;;;;;;;
ARA_socialist_85;Socialists;Socialists;Socialists;;;;;;;;;;;x;;;;;;;;;;;;;;;;;;
ARA_socialist_99;National Socialists;National Socialists;National Socialists;;;;;;;;;;;x;;;;;;;;;;;;;;;;;;
ARA_reactionary_84;Monarchy Leadership;Monarchy Leadership;Monarchy Leadership;;;;;;;;;;;x;;;;;;;;;;;;;;;;;;
ARA_anarcho_liberal_93;Radical Liberals;Radical Liberals;Radical Liberals;;;;;;;;;;;x;;;;;;;;;;;;;;;;;;
ARA_communist_86;Communists;Communists;Communists;;;;;;;;;;;x;;;;;;;;;;;;;;;;;;
ARA_fascist_72;Fascists;Fascists;Fascists;;;;;;;;;;;x;;;;;;;;;;;;;;;;;;
ARL_ADJ;Arles;Arles;Arles;;;;;;;;;;;x;;;;;;;;;;;;;;;;;;
ARL;Arles;Arles;Arles;;;;;;;;;;;x;;;;;;;;;;;;;;;;;;
ARL_proletarian_dictatorship;Council Republic of Arles;Council Republic of Arles;Council Republic of Arles;;;;;;;;;;;x;;;;;;;;;;;;;;;;;;
ARL_presidential_dictatorship;Republic of Arles;Republic of Arles;Republic of Arles;;;;;;;;;;;x;;;;;;;;;;;;;;;;;;
ARL_colonial_company;Arles;Arles;Arles;;;;;;;;;;;x;;;;;;;;;;;;;;;;;;
ARL_dominion;Arles;Arles;Arles;;;;;;;;;;;x;;;;;;;;;;;;;;;;;;
ARL_bourgeois_dictatorship;Republic of Arles;Republic of Arles;Republic of Arles;;;;;;;;;;;x;;;;;;;;;;;;;;;;;;
ARL_fascist_dictatorship;Arles French State;Arles French State;Arles French State;;;;;;;;;;;x;;;;;;;;;;;;;;;;;;
ARL_absolute_monarchy;Archduchy of Arles;Archduchy of Arles;Archduchy of Arles;;;;;;;;;;;x;;;;;;;;;;;;;;;;;;
ARL_prussian_constitutionalism;Archduchy of Arles;Archduchy of Arles;Archduchy of Arles;;;;;;;;;;;x;;;;;;;;;;;;;;;;;;
ARL_hms_government;Archduchy of Arles;Archduchy of Arles;Archduchy of Arles;;;;;;;;;;;x;;;;;;;;;;;;;;;;;;
ARL_democracy;Republic of Arles;Republic of Arles;Republic of Arles;;;;;;;;;;;x;;;;;;;;;;;;;;;;;;
ARL_federal_democracy;Republic of Arles;Republic of Arles;Republic of Arles;;;;;;;;;;;x;;;;;;;;;;;;;;;;;;
ARL_theocracy;Archbishopric of Arles;Archbishopric of Arles;Archbishopric of Arles;;;;;;;;;;;x;;;;;;;;;;;;;;;;;;
ARL_french_bourbon;Archduchy of Arles;Archduchy of Arles;Archduchy of Arles;;;;;;;;;;;x;;;;;;;;;;;;;;;;;;
ARL_conservative_92;Royalists;Royalists;Royalists;;;;;;;;;;;x;;;;;;;;;;;;;;;;;;
ARL_conservative_33;Norman Faction;Norman Faction;Norman Faction;;;;;;;;;;;x;;;;;;;;;;;;;;;;;;
ARL_liberal_79;Reformist Party;Reformist Party;Reformist Party;;;;;;;;;;;x;;;;;;;;;;;;;;;;;;
ARL_liberal_87;Unity Party;Unity Party;Unity Party;;;;;;;;;;;x;;;;;;;;;;;;;;;;;;
ARL_socialist_85;Workers' Party;Workers' Party;Workers' Party;;;;;;;;;;;x;;;;;;;;;;;;;;;;;;
ARL_socialist_99;Neosocialist Party;Neosocialist Party;Neosocialist Party;;;;;;;;;;;x;;;;;;;;;;;;;;;;;;
ARL_reactionary_84;Centralists;Centralists;Centralists;;;;;;;;;;;x;;;;;;;;;;;;;;;;;;
ARL_anarcho_liberal_93;Moderates;Moderates;Moderates;;;;;;;;;;;x;;;;;;;;;;;;;;;;;;
ARL_communist_86;Republicans;Republicans;Republicans;;;;;;;;;;;x;;;;;;;;;;;;;;;;;;
ARL_fascist_72;Democratic Party;Democratic Party;Democratic Party;;;;;;;;;;;x;;;;;;;;;;;;;;;;;;
BLO_ADJ;Blois;Blois;Blois;;;;;;;;;;;x;;;;;;;;;;;;;;;;;;
BLO;Blois;Blois;Blois;;;;;;;;;;;x;;;;;;;;;;;;;;;;;;
BLO_proletarian_dictatorship;Republic of Blois;Republic of Blois;Republic of Blois;;;;;;;;;;;x;;;;;;;;;;;;;;;;;;
BLO_presidential_dictatorship;Republic of Blois;Republic of Blois;Republic of Blois;;;;;;;;;;;x;;;;;;;;;;;;;;;;;;
BLO_colonial_company;Blois;Blois;Blois;;;;;;;;;;;x;;;;;;;;;;;;;;;;;;
BLO_dominion;Blois;Blois;Blois;;;;;;;;;;;x;;;;;;;;;;;;;;;;;;
BLO_bourgeois_dictatorship;Republic of Blois;Republic of Blois;Republic of Blois;;;;;;;;;;;x;;;;;;;;;;;;;;;;;;
BLO_fascist_dictatorship;Blois French State;Blois French State;Blois French State;;;;;;;;;;;x;;;;;;;;;;;;;;;;;;
BLO_absolute_monarchy;Duchy of Blois;Duchy of Blois;Duchy of Blois;;;;;;;;;;;x;;;;;;;;;;;;;;;;;;
BLO_prussian_constitutionalism;Duchy of Blois;Duchy of Blois;Duchy of Blois;;;;;;;;;;;x;;;;;;;;;;;;;;;;;;
BLO_hms_government;Duchy of Blois;Duchy of Blois;Duchy of Blois;;;;;;;;;;;x;;;;;;;;;;;;;;;;;;
BLO_democracy;Republic of Blois;Republic of Blois;Republic of Blois;;;;;;;;;;;x;;;;;;;;;;;;;;;;;;
BLO_federal_democracy;Republic of Blois;Republic of Blois;Republic of Blois;;;;;;;;;;;x;;;;;;;;;;;;;;;;;;
BLO_theocracy;Blois;Blois;Blois;;;;;;;;;;;x;;;;;;;;;;;;;;;;;;
BLO_french_bourbon;Duchy of Blois;Duchy of Blois;Duchy of Blois;;;;;;;;;;;x;;;;;;;;;;;;;;;;;;
BLO_conservative_92;Conservatives;Conservatives;Conservatives;;;;;;;;;;;x;;;;;;;;;;;;;;;;;;
BLO_liberal_79;Liberals;Liberals;Liberals;;;;;;;;;;;x;;;;;;;;;;;;;;;;;;
BLO_liberal_87;National Liberals;National Liberals;National Liberals;;;;;;;;;;;x;;;;;;;;;;;;;;;;;;
BLO_socialist_85;Socialists;Socialists;Socialists;;;;;;;;;;;x;;;;;;;;;;;;;;;;;;
BLO_socialist_99;National Socialists;National Socialists;National Socialists;;;;;;;;;;;x;;;;;;;;;;;;;;;;;;
BLO_reactionary_84;Monarchy Leadership;Monarchy Leadership;Monarchy Leadership;;;;;;;;;;;x;;;;;;;;;;;;;;;;;;
BLO_anarcho_liberal_93;Radical Liberals;Radical Liberals;Radical Liberals;;;;;;;;;;;x;;;;;;;;;;;;;;;;;;
BLO_communist_86;Communists;Communists;Communists;;;;;;;;;;;x;;;;;;;;;;;;;;;;;;
BLO_fascist_72;Fascists;Fascists;Fascists;;;;;;;;;;;x;;;;;;;;;;;;;;;;;;
BOR_ADJ;Bordeaux;Bordeaux;Bordeaux;;;;;;;;;;;x;;;;;;;;;;;;;;;;;;
BOR;Bordeaux;Bordeaux;Bordeaux;;;;;;;;;;;x;;;;;;;;;;;;;;;;;;
BOR_proletarian_dictatorship;Republic of Bordeaux;Republic of Bordeaux;Republic of Bordeaux;;;;;;;;;;;x;;;;;;;;;;;;;;;;;;
BOR_presidential_dictatorship;Republic of Bordeaux;Republic of Bordeaux;Republic of Bordeaux;;;;;;;;;;;x;;;;;;;;;;;;;;;;;;
BOR_colonial_company;Bordeaux;Bordeaux;Bordeaux;;;;;;;;;;;x;;;;;;;;;;;;;;;;;;
BOR_dominion;Bordeaux;Bordeaux;Bordeaux;;;;;;;;;;;x;;;;;;;;;;;;;;;;;;
BOR_bourgeois_dictatorship;Republic of Bordeaux;Republic of Bordeaux;Republic of Bordeaux;;;;;;;;;;;x;;;;;;;;;;;;;;;;;;
BOR_fascist_dictatorship;Bordeaux French State;Bordeaux French State;Bordeaux French State;;;;;;;;;;;x;;;;;;;;;;;;;;;;;;
BOR_absolute_monarchy;Duchy of Bordeaux;Duchy of Bordeaux;Duchy of Bordeaux;;;;;;;;;;;x;;;;;;;;;;;;;;;;;;
BOR_prussian_constitutionalism;Duchy of Bordeaux;Duchy of Bordeaux;Duchy of Bordeaux;;;;;;;;;;;x;;;;;;;;;;;;;;;;;;
BOR_hms_government;Duchy of Bordeaux;Duchy of Bordeaux;Duchy of Bordeaux;;;;;;;;;;;x;;;;;;;;;;;;;;;;;;
BOR_democracy;Republic of Bordeaux;Republic of Bordeaux;Republic of Bordeaux;;;;;;;;;;;x;;;;;;;;;;;;;;;;;;
BOR_federal_democracy;Republic of Bordeaux;Republic of Bordeaux;Republic of Bordeaux;;;;;;;;;;;x;;;;;;;;;;;;;;;;;;
BOR_theocracy;Bordeaux;Bordeaux;Bordeaux;;;;;;;;;;;x;;;;;;;;;;;;;;;;;;
BOR_french_bourbon;Duchy of Bordeaux;Duchy of Bordeaux;Duchy of Bordeaux;;;;;;;;;;;x;;;;;;;;;;;;;;;;;;
BOR_conservative_92;Conservatives;Conservatives;Conservatives;;;;;;;;;;;x;;;;;;;;;;;;;;;;;;
BOR_liberal_79;Liberals;Liberals;Liberals;;;;;;;;;;;x;;;;;;;;;;;;;;;;;;
BOR_liberal_87;National Liberals;National Liberals;National Liberals;;;;;;;;;;;x;;;;;;;;;;;;;;;;;;
BOR_socialist_85;Socialists;Socialists;Socialists;;;;;;;;;;;x;;;;;;;;;;;;;;;;;;
BOR_socialist_99;National Socialists;National Socialists;National Socialists;;;;;;;;;;;x;;;;;;;;;;;;;;;;;;
BOR_reactionary_84;Monarchy Leadership;Monarchy Leadership;Monarchy Leadership;;;;;;;;;;;x;;;;;;;;;;;;;;;;;;
BOR_anarcho_liberal_93;Radical Liberals;Radical Liberals;Radical Liberals;;;;;;;;;;;x;;;;;;;;;;;;;;;;;;
BOR_communist_86;Communists;Communists;Communists;;;;;;;;;;;x;;;;;;;;;;;;;;;;;;
BOR_fascist_72;Fascists;Fascists;Fascists;;;;;;;;;;;x;;;;;;;;;;;;;;;;;;
BOU_ADJ;Bourges;Bourges;Bourges;;;;;;;;;;;x;;;;;;;;;;;;;;;;;;
BOU;Bourges;Bourges;Bourges;;;;;;;;;;;x;;;;;;;;;;;;;;;;;;
BOU_proletarian_dictatorship;Republic of Bourges;Republic of Bourges;Republic of Bourges;;;;;;;;;;;x;;;;;;;;;;;;;;;;;;
BOU_presidential_dictatorship;Republic of Bourges;Republic of Bourges;Republic of Bourges;;;;;;;;;;;x;;;;;;;;;;;;;;;;;;
BOU_colonial_company;Bourges;Bourges;Bourges;;;;;;;;;;;x;;;;;;;;;;;;;;;;;;
BOU_dominion;Bourges;Bourges;Bourges;;;;;;;;;;;x;;;;;;;;;;;;;;;;;;
BOU_bourgeois_dictatorship;Republic of Bourges;Republic of Bourges;Republic of Bourges;;;;;;;;;;;x;;;;;;;;;;;;;;;;;;
BOU_fascist_dictatorship;Bourges French State;Bourges French State;Bourges French State;;;;;;;;;;;x;;;;;;;;;;;;;;;;;;
BOU_absolute_monarchy;Duchy of Bourges;Duchy of Bourges;Duchy of Bourges;;;;;;;;;;;x;;;;;;;;;;;;;;;;;;
BOU_prussian_constitutionalism;Duchy of Bourges;Duchy of Bourges;Duchy of Bourges;;;;;;;;;;;x;;;;;;;;;;;;;;;;;;
BOU_hms_government;Duchy of Bourges;Duchy of Bourges;Duchy of Bourges;;;;;;;;;;;x;;;;;;;;;;;;;;;;;;
BOU_democracy;Republic of Bourges;Republic of Bourges;Republic of Bourges;;;;;;;;;;;x;;;;;;;;;;;;;;;;;;
BOU_federal_democracy;Bourges;Bourges;Bourges;;;;;;;;;;;x;;;;;;;;;;;;;;;;;;
BOU_theocracy;Bourges;Bourges;Bourges;;;;;;;;;;;x;;;;;;;;;;;;;;;;;;
BOU_french_bourbon;Duchy of Bourges;Duchy of Bourges;Duchy of Bourges;;;;;;;;;;;x;;;;;;;;;;;;;;;;;;
BOU_conservative_92;Conservatives;Conservatives;Conservatives;;;;;;;;;;;x;;;;;;;;;;;;;;;;;;
BOU_liberal_79;Liberals;Liberals;Liberals;;;;;;;;;;;x;;;;;;;;;;;;;;;;;;
BOU_liberal_87;National Liberals;National Liberals;National Liberals;;;;;;;;;;;x;;;;;;;;;;;;;;;;;;
BOU_socialist_85;Socialists;Socialists;Socialists;;;;;;;;;;;x;;;;;;;;;;;;;;;;;;
BOU_socialist_99;National Socialists;National Socialists;National Socialists;;;;;;;;;;;x;;;;;;;;;;;;;;;;;;
BOU_reactionary_84;Monarchy Leadership;Monarchy Leadership;Monarchy Leadership;;;;;;;;;;;x;;;;;;;;;;;;;;;;;;
BOU_anarcho_liberal_93;Radical Liberals;Radical Liberals;Radical Liberals;;;;;;;;;;;x;;;;;;;;;;;;;;;;;;
BOU_communist_86;Communists;Communists;Communists;;;;;;;;;;;x;;;;;;;;;;;;;;;;;;
BOU_fascist_72;Fascists;Fascists;Fascists;;;;;;;;;;;x;;;;;;;;;;;;;;;;;;
BOU_ADJ;Bourges;Bourges;Bourges;;;;;;;;;;;x;;;;;;;;;;;;;;;;;;
BUL;Bulgaria;Bulgaria;Bulgaria;;;;;;;;;;;x;;;;;;;;;;;;;;;;;;
BUL_proletarian_dictatorship;Socialist Republic of Bulgaria;Socialist Republic of Bulgaria;Socialist Republic of Bulgaria;Socialist Republic of Bulgaria;;;;;;;;;;x;;;;;;;;;;;;;;;;;;
BUL_presidential_dictatorship;Bulgarian Republic;Bulgarian Republic;Bulgarian Republic;;;;;;;;;;;x;;;;;;;;;;;;;;;;;;
BUL_colonial_company;Bulgarian Republic;Bulgarian Republic;Bulgarian Republic;;;;;;;;;;;x;;;;;;;;;;;;;;;;;;
BUL_dominion;Bulgarian Republic;Bulgarian Republic;Bulgarian Republic;;;;;;;;;;;x;;;;;;;;;;;;;;;;;;
BUL_bourgeois_dictatorship;Bulgarian Republic;Bulgarian Republic;Bulgarian Republic;;;;;;;;;;;x;;;;;;;;;;;;;;;;;;
BUL_fascist_dictatorship;Great Tsardom of Bulgaria;Great Tsardom of Bulgaria;Great Tsardom of Bulgaria;;;;;;;;;;;x;;;;;;;;;;;;;;;;;;
BUL_absolute_monarchy;Tsardom of Bulgaria;Tsardom of Bulgaria;Tsardom of Bulgaria;;;;;;;;;;;x;;;;;;;;;;;;;;;;;;
BUL_prussian_constitutionalism;Tsardom of Bulgaria;Tsardom of Bulgaria;Tsardom of Bulgaria;;;;;;;;;;;x;;;;;;;;;;;;;;;;;;
BUL_hms_government;Tsardom of Bulgaria;Tsardom of Bulgaria;Tsardom of Bulgaria;;;;;;;;;;;x;;;;;;;;;;;;;;;;;;
BUL_democracy;Tsardom of Bulgaria;Tsardom of Bulgaria;Tsardom of Bulgaria;;;;;;;;;;;x;;;;;;;;;;;;;;;;;;
BUR_ADJ;Burgundian;Burgundian;Burgundian;;;;;;;;;;;x;;;;;;;;;;;;;;;;;;
BUR;Burgundy;Burgundy;Burgundy;;;;;;;;;;;x;;;;;;;;;;;;;;;;;;
BUR_proletarian_dictatorship;Burgundy;Burgundy;Burgundy;;;;;;;;;;;x;;;;;;;;;;;;;;;;;;
BUR_presidential_dictatorship;Burgundy;Burgundy;Burgundy;;;;;;;;;;;x;;;;;;;;;;;;;;;;;;
BUR_colonial_company;Burgundy;Burgundy;Burgundy;;;;;;;;;;;x;;;;;;;;;;;;;;;;;;
BUR_dominion;Burgundy;Burgundy;Burgundy;;;;;;;;;;;x;;;;;;;;;;;;;;;;;;
BUR_bourgeois_dictatorship;Burgundy;Burgundy;Burgundy;;;;;;;;;;;x;;;;;;;;;;;;;;;;;;
BUR_fascist_dictatorship;Burgundy;Burgundy;Burgundy;;;;;;;;;;;x;;;;;;;;;;;;;;;;;;
BUR_absolute_monarchy;Duchy of Burgundy;Duchy of Burgundy;Duchy of Burgundy;;;;;;;;;;;x;;;;;;;;;;;;;;;;;;
BUR_prussian_constitutionalism;Duchy of Burgundy;Duchy of Burgundy;Duchy of Burgundy;;;;;;;;;;;x;;;;;;;;;;;;;;;;;;
BUR_hms_government;Duchy of Burgundy;Duchy of Burgundy;Duchy of Burgundy;;;;;;;;;;;x;;;;;;;;;;;;;;;;;;
BUR_democracy;Burgundy;Burgundy;Burgundy;;;;;;;;;;;x;;;;;;;;;;;;;;;;;;
BUR_federal_democracy;Burgundy;Burgundy;Burgundy;;;;;;;;;;;x;;;;;;;;;;;;;;;;;;
BUR_theocracy;Burgundy;Burgundy;Burgundy;;;;;;;;;;;x;;;;;;;;;;;;;;;;;;
BUR_french_bourbon;Duchy of Burgundy;Duchy of Burgundy;Duchy of Burgundy;;;;;;;;;;;x;;;;;;;;;;;;;;;;;;
BUR_conservative_92;Conservatives;Conservatives;Conservatives;;;;;;;;;;;x;;;;;;;;;;;;;;;;;;
BUR_liberal_79;Liberals;Liberals;Liberals;;;;;;;;;;;x;;;;;;;;;;;;;;;;;;
BUR_liberal_87;National Liberals;National Liberals;National Liberals;;;;;;;;;;;x;;;;;;;;;;;;;;;;;;
BUR_socialist_85;Socialists;Socialists;Socialists;;;;;;;;;;;x;;;;;;;;;;;;;;;;;;
BUR_socialist_99;National Socialists;National Socialists;National Socialists;;;;;;;;;;;x;;;;;;;;;;;;;;;;;;
BUR_reactionary_84;Monarchy Leadership;Monarchy Leadership;Monarchy Leadership;;;;;;;;;;;x;;;;;;;;;;;;;;;;;;
BUR_anarcho_liberal_93;Radical Liberals;Radical Liberals;Radical Liberals;;;;;;;;;;;x;;;;;;;;;;;;;;;;;;
BUR_communist_86;Communists;Communists;Communists;;;;;;;;;;;x;;;;;;;;;;;;;;;;;;
BUR_fascist_72;Fascists;Fascists;Fascists;;;;;;;;;;;x;;;;;;;;;;;;;;;;;;
CAH_ADJ;Cahors;Cahors;Cahors;;;;;;;;;;;x;;;;;;;;;;;;;;;;;;
CAH;Cahors;Cahors;Cahors;;;;;;;;;;;x;;;;;;;;;;;;;;;;;;
CAH_proletarian_dictatorship;Republic of Cahors;Republic of Cahors;Republic of Cahors;;;;;;;;;;;x;;;;;;;;;;;;;;;;;;
CAH_presidential_dictatorship;Republic of Cahors;Republic of Cahors;Republic of Cahors;;;;;;;;;;;x;;;;;;;;;;;;;;;;;;
CAH_colonial_company;Cahors;Cahors;Cahors;;;;;;;;;;;x;;;;;;;;;;;;;;;;;;
CAH_dominion;Cahors;Cahors;Cahors;;;;;;;;;;;x;;;;;;;;;;;;;;;;;;
CAH_bourgeois_dictatorship;Republic of Cahors;Republic of Cahors;Republic of Cahors;;;;;;;;;;;x;;;;;;;;;;;;;;;;;;
CAH_fascist_dictatorship;Cahors French State;Cahors French State;Cahors French State;;;;;;;;;;;x;;;;;;;;;;;;;;;;;;
CAH_absolute_monarchy;Duchy of Cahors;Duchy of Cahors;Duchy of Cahors;;;;;;;;;;;x;;;;;;;;;;;;;;;;;;
CAH_prussian_constitutionalism;Duchy of Cahors;Duchy of Cahors;Duchy of Cahors;;;;;;;;;;;x;;;;;;;;;;;;;;;;;;
CAH_hms_government;Duchy of Cahors;Duchy of Cahors;Duchy of Cahors;;;;;;;;;;;x;;;;;;;;;;;;;;;;;;
CAH_democracy;Republic of Cahors;Republic of Cahors;Republic of Cahors;;;;;;;;;;;x;;;;;;;;;;;;;;;;;;
CAH_federal_democracy;Cahors;Cahors;Cahors;;;;;;;;;;;x;;;;;;;;;;;;;;;;;;
CAH_theocracy;Cahors;Cahors;Cahors;;;;;;;;;;;x;;;;;;;;;;;;;;;;;;
CAH_french_bourbon;Duchy of Cahors;Duchy of Cahors;Duchy of Cahors;;;;;;;;;;;x;;;;;;;;;;;;;;;;;;
CAH_conservative_92;Conservatives;Conservatives;Conservatives;;;;;;;;;;;x;;;;;;;;;;;;;;;;;;
CAH_liberal_79;Liberals;Liberals;Liberals;;;;;;;;;;;x;;;;;;;;;;;;;;;;;;
CAH_liberal_87;National Liberals;National Liberals;National Liberals;;;;;;;;;;;x;;;;;;;;;;;;;;;;;;
CAH_socialist_85;Socialists;Socialists;Socialists;;;;;;;;;;;x;;;;;;;;;;;;;;;;;;
CAH_socialist_99;National Socialists;National Socialists;National Socialists;;;;;;;;;;;x;;;;;;;;;;;;;;;;;;
CAH_reactionary_84;Monarchy Leadership;Monarchy Leadership;Monarchy Leadership;;;;;;;;;;;x;;;;;;;;;;;;;;;;;;
CAH_anarcho_liberal_93;Radical Liberals;Radical Liberals;Radical Liberals;;;;;;;;;;;x;;;;;;;;;;;;;;;;;;
CAH_communist_86;Communists;Communists;Communists;;;;;;;;;;;x;;;;;;;;;;;;;;;;;;
CAH_fascist_72;Fascists;Fascists;Fascists;;;;;;;;;;;x;;;;;;;;;;;;;;;;;;
CAR_ADJ;Carcassonne;Carcassonne;Carcassonne;;;;;;;;;;;x;;;;;;;;;;;;;;;;;;
CAR;Carcassonne;Carcassonne;Carcassonne;;;;;;;;;;;x;;;;;;;;;;;;;;;;;;
CAR_proletarian_dictatorship;Republic of Carcassonne;Republic of Carcassonne;Republic of Carcassonne;;;;;;;;;;;x;;;;;;;;;;;;;;;;;;
CAR_presidential_dictatorship;Republic of Carcassonne;Republic of Carcassonne;Republic of Carcassonne;;;;;;;;;;;x;;;;;;;;;;;;;;;;;;
CAR_colonial_company;Carcassonne;Carcassonne;Carcassonne;;;;;;;;;;;x;;;;;;;;;;;;;;;;;;
CAR_dominion;Carcassonne;Carcassonne;Carcassonne;;;;;;;;;;;x;;;;;;;;;;;;;;;;;;
CAR_bourgeois_dictatorship;Republic of Carcassonne;Republic of Carcassonne;Republic of Carcassonne;;;;;;;;;;;x;;;;;;;;;;;;;;;;;;
CAR_fascist_dictatorship;Carcassonne French State;Carcassonne French State;Carcassonne French State;;;;;;;;;;;x;;;;;;;;;;;;;;;;;;
CAR_absolute_monarchy;Duchy of Carcassonne;Duchy of Carcassonne;Duchy of Carcassonne;;;;;;;;;;;x;;;;;;;;;;;;;;;;;;
CAR_prussian_constitutionalism;Duchy of Carcassonne;Duchy of Carcassonne;Duchy of Carcassonne;;;;;;;;;;;x;;;;;;;;;;;;;;;;;;
CAR_hms_government;Duchy of Carcassonne;Duchy of Carcassonne;Duchy of Carcassonne;;;;;;;;;;;x;;;;;;;;;;;;;;;;;;
CAR_democracy;Republic of Bordeaux;Republic of Bordeaux;Republic of Bordeaux;;;;;;;;;;;x;;;;;;;;;;;;;;;;;;
CAR_federal_democracy;Republic of Bordeaux;Republic of Bordeaux;Republic of Bordeaux;;;;;;;;;;;x;;;;;;;;;;;;;;;;;;
CAR_theocracy;Carcassonne;Carcassonne;Carcassonne;;;;;;;;;;;x;;;;;;;;;;;;;;;;;;
CAR_french_bourbon;Duchy of Carcassonne;Duchy of Carcassonne;Duchy of Carcassonne;;;;;;;;;;;x;;;;;;;;;;;;;;;;;;
CAR_conservative_92;Conservatives;Conservatives;Conservatives;;;;;;;;;;;x;;;;;;;;;;;;;;;;;;
CAR_liberal_79;Liberals;Liberals;Liberals;;;;;;;;;;;x;;;;;;;;;;;;;;;;;;
CAR_liberal_87;National Liberals;National Liberals;National Liberals;;;;;;;;;;;x;;;;;;;;;;;;;;;;;;
CAR_socialist_85;Socialists;Socialists;Socialists;;;;;;;;;;;x;;;;;;;;;;;;;;;;;;
CAR_socialist_99;National Socialists;National Socialists;National Socialists;;;;;;;;;;;x;;;;;;;;;;;;;;;;;;
CAR_reactionary_84;Monarchy Leadership;Monarchy Leadership;Monarchy Leadership;;;;;;;;;;;x;;;;;;;;;;;;;;;;;;
CAR_anarcho_liberal_93;Radical Liberals;Radical Liberals;Radical Liberals;;;;;;;;;;;x;;;;;;;;;;;;;;;;;;
CAR_communist_86;Communists;Communists;Communists;;;;;;;;;;;x;;;;;;;;;;;;;;;;;;
CAR_fascist_72;Fascists;Fascists;Fascists;;;;;;;;;;;x;;;;;;;;;;;;;;;;;;
CHA_ADJ;Champagnian;Champagnian;Champagnian;;;;;;;;;;;x;;;;;;;;;;;;;;;;;;
CHA;Champagne;Champagne;Champagne;;;;;;;;;;;x;;;;;;;;;;;;;;;;;;
CHA_proletarian_dictatorship;Champagne;Champagne;Champagne;;;;;;;;;;;x;;;;;;;;;;;;;;;;;;
CHA_presidential_dictatorship;Duchy of Champagne;Duchy of Champagne;Duchy of Champagne;;;;;;;;;;;x;;;;;;;;;;;;;;;;;;
CHA_colonial_company;Champagne;Champagne;Champagne;;;;;;;;;;;x;;;;;;;;;;;;;;;;;;
CHA_dominion;Champagne;Champagne;Champagne;;;;;;;;;;;x;;;;;;;;;;;;;;;;;;
CHA_bourgeois_dictatorship;Champagne;Champagne;Champagne;;;;;;;;;;;x;;;;;;;;;;;;;;;;;;
CHA_fascist_dictatorship;Champagne;Champagne;Champagne;;;;;;;;;;;x;;;;;;;;;;;;;;;;;;
CHA_absolute_monarchy;Duchy of Champagne;Duchy of Champagne;Duchy of Champagne;;;;;;;;;;;x;;;;;;;;;;;;;;;;;;
CHA_prussian_constitutionalism;Duchy of Champagne;Duchy of Champagne;Duchy of Champagne;;;;;;;;;;;x;;;;;;;;;;;;;;;;;;
CHA_hms_government;Duchy of Champagne;Duchy of Champagne;Duchy of Champagne;;;;;;;;;;;x;;;;;;;;;;;;;;;;;;
CHA_democracy;Champagne;Champagne;Champagne;;;;;;;;;;;x;;;;;;;;;;;;;;;;;;
CHA_federal_democracy;Champagne;Champagne;Champagne;;;;;;;;;;;x;;;;;;;;;;;;;;;;;;
CHA_theocracy;Champagne;Champagne;Champagne;;;;;;;;;;;x;;;;;;;;;;;;;;;;;;
CHA_french_bourbon;Duchy of Champagne;Duchy of Champagne;Duchy of Champagne;;;;;;;;;;;x;;;;;;;;;;;;;;;;;;
CHA_conservative_92;Conservatives;Conservatives;Conservatives;;;;;;;;;;;x;;;;;;;;;;;;;;;;;;
CHA_liberal_79;Liberals;Liberals;Liberals;;;;;;;;;;;x;;;;;;;;;;;;;;;;;;
CHA_liberal_87;National Liberals;National Liberals;National Liberals;;;;;;;;;;;x;;;;;;;;;;;;;;;;;;
CHA_socialist_85;Socialists;Socialists;Socialists;;;;;;;;;;;x;;;;;;;;;;;;;;;;;;
CHA_socialist_99;National Socialists;National Socialists;National Socialists;;;;;;;;;;;x;;;;;;;;;;;;;;;;;;
CHA_reactionary_84;Monarchy Leadership;Monarchy Leadership;Monarchy Leadership;;;;;;;;;;;x;;;;;;;;;;;;;;;;;;
CHA_anarcho_liberal_93;Radical Liberals;Radical Liberals;Radical Liberals;;;;;;;;;;;x;;;;;;;;;;;;;;;;;;
CHA_communist_86;Communists;Communists;Communists;;;;;;;;;;;x;;;;;;;;;;;;;;;;;;
CHA_fascist_72;Fascists;Fascists;Fascists;;;;;;;;;;;x;;;;;;;;;;;;;;;;;;
CLE_ADJ;Clermont-Ferrand;Clermont-Ferrand;Clermont-Ferrand;;;;;;;;;;;x;;;;;;;;;;;;;;;;;;
CLE;Clermont-Ferrand;Clermont-Ferrand;Clermont-Ferrand;;;;;;;;;;;x;;;;;;;;;;;;;;;;;;
CLE_proletarian_dictatorship;Republic of Clermont-Ferrand;Republic of Clermont-Ferrand;Republic of Clermont-Ferrand;;;;;;;;;;;x;;;;;;;;;;;;;;;;;;
CLE_presidential_dictatorship;Republic of Clermont-Ferrand;Republic of Clermont-Ferrand;Republic of Clermont-Ferrand;;;;;;;;;;;x;;;;;;;;;;;;;;;;;;
CLE_colonial_company;Clermont-Ferrand;Clermont-Ferrand;Clermont-Ferrand;;;;;;;;;;;x;;;;;;;;;;;;;;;;;;
CLE_dominion;Clermont-Ferrand;Clermont-Ferrand;Clermont-Ferrand;;;;;;;;;;;x;;;;;;;;;;;;;;;;;;
CLE_bourgeois_dictatorship;Republic of Clermont-Ferrand;Republic of Clermont-Ferrand;Republic of Clermont-Ferrand;;;;;;;;;;;x;;;;;;;;;;;;;;;;;;
CLE_fascist_dictatorship;Clermont-Ferrand French State;Clermont-Ferrand French State;Clermont-Ferrand French State;;;;;;;;;;;x;;;;;;;;;;;;;;;;;;
CLE_absolute_monarchy;Duchy of Clermont-Ferrand;Duchy of Clermont-Ferrand;Duchy of Clermont-Ferrand;;;;;;;;;;;x;;;;;;;;;;;;;;;;;;
CLE_prussian_constitutionalism;Duchy of Clermont-Ferrand;Duchy of Clermont-Ferrand;Duchy of Clermont-Ferrand;;;;;;;;;;;x;;;;;;;;;;;;;;;;;;
CLE_hms_government;Duchy of Clermont-Ferrand;Duchy of Clermont-Ferrand;Duchy of Clermont-Ferrand;;;;;;;;;;;x;;;;;;;;;;;;;;;;;;
CLE_democracy;Republic of Clermont-Ferrand;Republic of Clermont-Ferrand;Republic of Clermont-Ferrand;;;;;;;;;;;x;;;;;;;;;;;;;;;;;;
CLE_federal_democracy;Clermont-Ferrand;Clermont-Ferrand;Clermont-Ferrand;;;;;;;;;;;x;;;;;;;;;;;;;;;;;;
CLE_theocracy;Clermont-Ferrand;Clermont-Ferrand;Clermont-Ferrand;;;;;;;;;;;x;;;;;;;;;;;;;;;;;;
CLE_french_bourbon;Duchy of Clermont-Ferrand;Duchy of Clermont-Ferrand;Duchy of Clermont-Ferrand;;;;;;;;;;;x;;;;;;;;;;;;;;;;;;
CLE_conservative_92;Conservatives;Conservatives;Conservatives;;;;;;;;;;;x;;;;;;;;;;;;;;;;;;
CLE_liberal_79;Liberals;Liberals;Liberals;;;;;;;;;;;x;;;;;;;;;;;;;;;;;;
CLE_liberal_87;National Liberals;National Liberals;National Liberals;;;;;;;;;;;x;;;;;;;;;;;;;;;;;;
CLE_socialist_85;Socialists;Socialists;Socialists;;;;;;;;;;;x;;;;;;;;;;;;;;;;;;
CLE_socialist_99;National Socialists;National Socialists;National Socialists;;;;;;;;;;;x;;;;;;;;;;;;;;;;;;
CLE_reactionary_84;Monarchy Leadership;Monarchy Leadership;Monarchy Leadership;;;;;;;;;;;x;;;;;;;;;;;;;;;;;;
CLE_anarcho_liberal_93;Radical Liberals;Radical Liberals;Radical Liberals;;;;;;;;;;;x;;;;;;;;;;;;;;;;;;
CLE_communist_86;Communists;Communists;Communists;;;;;;;;;;;x;;;;;;;;;;;;;;;;;;
CLE_fascist_72;Fascists;Fascists;Fascists;;;;;;;;;;;x;;;;;;;;;;;;;;;;;;
CTE_ADJ;Chateauroux;Chateauroux;Chateauroux;;;;;;;;;;;x;;;;;;;;;;;;;;;;;;
CTE;Chateauroux;Chateauroux;Chateauroux;;;;;;;;;;;x;;;;;;;;;;;;;;;;;;
CTE_proletarian_dictatorship;Republic of Chateauroux;Republic of Chateauroux;Republic of Chateauroux;;;;;;;;;;;x;;;;;;;;;;;;;;;;;;
CTE_presidential_dictatorship;Republic of Chateauroux;Republic of Chateauroux;Republic of Chateauroux;;;;;;;;;;;x;;;;;;;;;;;;;;;;;;
CTE_colonial_company;Chateauroux;Chateauroux;Chateauroux;;;;;;;;;;;x;;;;;;;;;;;;;;;;;;
CTE_dominion;Chateauroux;Chateauroux;Chateauroux;;;;;;;;;;;x;;;;;;;;;;;;;;;;;;
CTE_bourgeois_dictatorship;Republic of Chateauroux;Republic of Chateauroux;Republic of Chateauroux;;;;;;;;;;;x;;;;;;;;;;;;;;;;;;
CTE_fascist_dictatorship;Chateauroux French State;Chateauroux French State;Chateauroux French State;;;;;;;;;;;x;;;;;;;;;;;;;;;;;;
CTE_absolute_monarchy;Duchy of Chateauroux;Duchy of Chateauroux;Duchy of Chateauroux;;;;;;;;;;;x;;;;;;;;;;;;;;;;;;
CTE_prussian_constitutionalism;Duchy of Chateauroux;Duchy of Chateauroux;Duchy of Chateauroux;;;;;;;;;;;x;;;;;;;;;;;;;;;;;;
CTE_hms_government;Duchy of Chateauroux;Duchy of Chateauroux;Duchy of Chateauroux;;;;;;;;;;;x;;;;;;;;;;;;;;;;;;
CTE_democracy;Republic of Chateauroux;Republic of Chateauroux;Republic of Chateauroux;;;;;;;;;;;x;;;;;;;;;;;;;;;;;;
CTE_federal_democracy;Chateauroux;Chateauroux;Chateauroux;;;;;;;;;;;x;;;;;;;;;;;;;;;;;;
CTE_theocracy;Chateauroux;Chateauroux;Chateauroux;;;;;;;;;;;x;;;;;;;;;;;;;;;;;;
CTE_french_bourbon;Duchy of Chateauroux;Duchy of Chateauroux;Duchy of Chateauroux;;;;;;;;;;;x;;;;;;;;;;;;;;;;;;
CTE_conservative_92;Conservatives;Conservatives;Conservatives;;;;;;;;;;;x;;;;;;;;;;;;;;;;;;
CTE_liberal_79;Liberals;Liberals;Liberals;;;;;;;;;;;x;;;;;;;;;;;;;;;;;;
CTE_liberal_87;National Liberals;National Liberals;National Liberals;;;;;;;;;;;x;;;;;;;;;;;;;;;;;;
CTE_socialist_85;Socialists;Socialists;Socialists;;;;;;;;;;;x;;;;;;;;;;;;;;;;;;
CTE_socialist_99;National Socialists;National Socialists;National Socialists;;;;;;;;;;;x;;;;;;;;;;;;;;;;;;
CTE_reactionary_84;Monarchy Leadership;Monarchy Leadership;Monarchy Leadership;;;;;;;;;;;x;;;;;;;;;;;;;;;;;;
CTE_anarcho_liberal_93;Radical Liberals;Radical Liberals;Radical Liberals;;;;;;;;;;;x;;;;;;;;;;;;;;;;;;
CTE_communist_86;Communists;Communists;Communists;;;;;;;;;;;x;;;;;;;;;;;;;;;;;;
CTE_fascist_72;Fascists;Fascists;Fascists;;;;;;;;;;;x;;;;;;;;;;;;;;;;;;
DAN_ADJ;Danubian;Danubian;Danubian;;;;;;;;;;;x;;;;;;;;;;;;;;;;;;
DAN;Danubia;Danubia;Danubia;;;;;;;;;;;x;;;;;;;;;;;;;;;;;;
DAN_proletarian_dictatorship;Kingdom of Danubia;Kingdom of Danubia;Kingdom of Danubia;;;;;;;;;;;x;;;;;;;;;;;;;;;;;;
DAN_presidential_dictatorship;Danubian Republic;Danubian Republic;Danubian Republic;;;;;;;;;;;x;;;;;;;;;;;;;;;;;;
DAN_colonial_company;Danubia;Danubia;Danubia;;;;;;;;;;;x;;;;;;;;;;;;;;;;;;
DAN_dominion;Danubia;Danubia;Danubia;;;;;;;;;;;x;;;;;;;;;;;;;;;;;;
DAN_bourgeois_dictatorship;Danubian Republic;Danubian Republic;Danubian Republic;;;;;;;;;;;x;;;;;;;;;;;;;;;;;;
DAN_fascist_dictatorship;Southern Germanic League;Southern Germanic League;Southern Germanic League;;;;;;;;;;;x;;;;;;;;;;;;;;;;;;
DAN_absolute_monarchy;Kingdom of Danubia;Kingdom of Danubia;Kingdom of Danubia;;;;;;;;;;;x;;;;;;;;;;;;;;;;;;
DAN_prussian_constitutionalism;Kingdom of Danubia;Kingdom of Danubia;Kingdom of Danubia;;;;;;;;;;;x;;;;;;;;;;;;;;;;;;
DAN_hms_government;Kingdom of Danubia;Kingdom of Danubia;Kingdom of Danubia;;;;;;;;;;;x;;;;;;;;;;;;;;;;;;
DAN_democracy;Danubian Republic;Danubian Republic;Danubian Republic;;;;;;;;;;;x;;;;;;;;;;;;;;;;;;
DAN_federal_democracy;Danubian Republic;Danubian Republic;Danubian Republic;;;;;;;;;;;x;;;;;;;;;;;;;;;;;;
DAN_theocracy;Kingdom of Danubia;Kingdom of Danubia;Kingdom of Danubia;;;;;;;;;;;x;;;;;;;;;;;;;;;;;;
DAN_french_bourbon;Kingdom of Danubia;Kingdom of Danubia;Kingdom of Danubia;;;;;;;;;;;x;;;;;;;;;;;;;;;;;;
DAN_conservative_92;Conservatives;Conservatives;Conservatives;;;;;;;;;;;x;;;;;;;;;;;;;;;;;;
DAN_liberal_79;Liberals;Liberals;Liberals;;;;;;;;;;;x;;;;;;;;;;;;;;;;;;
DAN_liberal_87;National Liberals;National Liberals;National Liberals;;;;;;;;;;;x;;;;;;;;;;;;;;;;;;
DAN_socialist_85;Socialists;Socialists;Socialists;;;;;;;;;;;x;;;;;;;;;;;;;;;;;;
DAN_socialist_99;National Socialists;National Socialists;National Socialists;;;;;;;;;;;x;;;;;;;;;;;;;;;;;;
DAN_reactionary_84;Monarchy Leadership;Monarchy Leadership;Monarchy Leadership;;;;;;;;;;;x;;;;;;;;;;;;;;;;;;
DAN_anarcho_liberal_93;Radical Liberals;Radical Liberals;Radical Liberals;;;;;;;;;;;x;;;;;;;;;;;;;;;;;;
DAN_communist_86;Communists;Communists;Communists;;;;;;;;;;;x;;;;;;;;;;;;;;;;;;
DAN_fascist_72;Fascists;Fascists;Fascists;;;;;;;;;;;x;;;;;;;;;;;;;;;;;;
ELB_ADJ;Elbian;Elbian;Elbian;;;;;;;;;;;x;;;;;;;;;;;;;;;;;;
ELB;Elbian Republic;Elbian Republic;Elbian Republic;;;;;;;;;;;x;;;;;;;;;;;;;;;;;;
ELB_proletarian_dictatorship;Elbian Democratic Republic;Elbian Democratic Republic;Elbian Democratic Republic;;;;;;;;;;;x;;;;;;;;;;;;;;;;;;
ELB_presidential_dictatorship;Elbian Republic;Elbian Republic;Elbian Republic;;;;;;;;;;;x;;;;;;;;;;;;;;;;;;
ELB_colonial_company;Nordswagen;Nordswagen;Nordswagen;;;;;;;;;;;x;;;;;;;;;;;;;;;;;;
ELB_dominion;Elbian Republic;Elbian Republic;Elbian Republic;;;;;;;;;;;x;;;;;;;;;;;;;;;;;;
ELB_bourgeois_dictatorship;Elbian Republic;Elbian Republic;Elbian Republic;;;;;;;;;;;x;;;;;;;;;;;;;;;;;;
ELB_fascist_dictatorship;Germania;Germania;Germania;;;;;;;;;;;x;;;;;;;;;;;;;;;;;;
ELB_absolute_monarchy;Elbian Kingdom;Elbian Kingdom;Elbian Kingdom;;;;;;;;;;;x;;;;;;;;;;;;;;;;;;
ELB_prussian_constitutionalism;Elbian Kingdom;Elbian Kingdom;Elbian Kingdom;;;;;;;;;;;x;;;;;;;;;;;;;;;;;;
ELB_hms_government;Elbian Kingdom;Elbian Kingdom;Elbian Kingdom;;;;;;;;;;;x;;;;;;;;;;;;;;;;;;
ELB_democracy;Elbian Republic;Elbian Republic;Elbian Republic;;;;;;;;;;;x;;;;;;;;;;;;;;;;;;
ELB_federal_democracy;Elbian Republic;Elbian Republic;Elbian Republic;;;;;;;;;;;x;;;;;;;;;;;;;;;;;;
ELB_theocracy;Kingdom-Archbishopric of Magdeburg and Northern Germania ;Kingdom-Archbishopric of Magdeburg and Northern Germania ;Kingdom-Archbishopric of Magdeburg and Northern Germania ;;;;;;;;;;;x;;;;;;;;;;;;;;;;;;
ELB_french_bourbon;Elbian Kingdom;Elbian Kingdom;Elbian Kingdom;;;;;;;;;;;x;;;;;;;;;;;;;;;;;;
ELB_conservative_92;Conservatives;Conservatives;Conservatives;;;;;;;;;;;x;;;;;;;;;;;;;;;;;;
ELB_liberal_79;Liberals;Liberals;Liberals;;;;;;;;;;;x;;;;;;;;;;;;;;;;;;
ELB_liberal_87;National Liberals;National Liberals;National Liberals;;;;;;;;;;;x;;;;;;;;;;;;;;;;;;
ELB_socialist_85;Socialists;Socialists;Socialists;;;;;;;;;;;x;;;;;;;;;;;;;;;;;;
ELB_socialist_99;National Socialists;National Socialists;National Socialists;;;;;;;;;;;x;;;;;;;;;;;;;;;;;;
ELB_reactionary_84;Monarchy Leadership;Monarchy Leadership;Monarchy Leadership;;;;;;;;;;;x;;;;;;;;;;;;;;;;;;
ELB_anarcho_liberal_93;Radical Liberals;Radical Liberals;Radical Liberals;;;;;;;;;;;x;;;;;;;;;;;;;;;;;;
ELB_communist_86;Communists;Communists;Communists;;;;;;;;;;;x;;;;;;;;;;;;;;;;;;
ELB_fascist_72;Fascists;Fascists;Fascists;;;;;;;;;;;x;;;;;;;;;;;;;;;;;;
FEN_ADJ;Fennoscandian;Fennoscandian;Fennoscandian;;;;;;;;;;;x;;;;;;;;;;;;;;;;;;
FEN;Fennoscandia;Fennoscandia;Fennoscandia;;;;;;;;;;;x;;;;;;;;;;;;;;;;;;
FEN_proletarian_dictatorship;Democratic People's Republic of Fennoscandia;Democratic People's Republic of Fennoscandia;Democratic People's Republic of Fennoscandia;;;;;;;;;;;x;;;;;;;;;;;;;;;;;;
FEN_presidential_dictatorship;Fennoscandian Republic;Fennoscandian Republic;Fennoscandian Republic;;;;;;;;;;;x;;;;;;;;;;;;;;;;;;
FEN_colonial_company;Fennoscandia;Fennoscandia;Fennoscandia;;;;;;;;;;;x;;;;;;;;;;;;;;;;;;
FEN_dominion;Fennoscandia;Fennoscandia;Fennoscandia;;;;;;;;;;;x;;;;;;;;;;;;;;;;;;
FEN_bourgeois_dictatorship;Fennoscandian Republic;Fennoscandian Republic;Fennoscandian Republic;;;;;;;;;;;x;;;;;;;;;;;;;;;;;;
FEN_fascist_dictatorship;Nordic State;Nordic State;Nordic State;;;;;;;;;;;x;;;;;;;;;;;;;;;;;;
FEN_absolute_monarchy;Kingdom of Fennoscandia;Kingdom of Fennoscandia;Kingdom of Fennoscandia;;;;;;;;;;;x;;;;;;;;;;;;;;;;;;
FEN_prussian_constitutionalism;Kingdom of Fennoscandia;Kingdom of Fennoscandia;Kingdom of Fennoscandia;;;;;;;;;;;x;;;;;;;;;;;;;;;;;;
FEN_hms_government;Kingdom of Fennoscandia;Kingdom of Fennoscandia;Kingdom of Fennoscandia;;;;;;;;;;;x;;;;;;;;;;;;;;;;;;
FEN_democracy;Fennoscandian Republic;Fennoscandian Republic;Fennoscandian Republic;;;;;;;;;;;x;;;;;;;;;;;;;;;;;;
FEN_federal_democracy;Fennoscandian Confederacy;Fennoscandian Confederacy;Fennoscandian Confederacy;;;;;;;;;;;x;;;;;;;;;;;;;;;;;;
FEN_theocracy;Primacy of Fennoscandia;Primacy of Fennoscandia;Primacy of Fennoscandia;;;;;;;;;;;x;;;;;;;;;;;;;;;;;;
FEN_french_bourbon;Kingdom of Fennoscandia;Kingdom of Fennoscandia;Kingdom of Fennoscandia;;;;;;;;;;;x;;;;;;;;;;;;;;;;;;
FEN_conservative_92;Conservatives;Conservatives;Conservatives;;;;;;;;;;;x;;;;;;;;;;;;;;;;;;
FEN_liberal_79;Liberals;Liberals;Liberals;;;;;;;;;;;x;;;;;;;;;;;;;;;;;;
FEN_liberal_87;National Liberals;National Liberals;National Liberals;;;;;;;;;;;x;;;;;;;;;;;;;;;;;;
FEN_socialist_85;Socialists;Socialists;Socialists;;;;;;;;;;;x;;;;;;;;;;;;;;;;;;
FEN_socialist_99;National Socialists;National Socialists;National Socialists;;;;;;;;;;;x;;;;;;;;;;;;;;;;;;
FEN_reactionary_84;Monarchy Leadership;Monarchy Leadership;Monarchy Leadership;;;;;;;;;;;x;;;;;;;;;;;;;;;;;;
FEN_anarcho_liberal_93;Radical Liberals;Radical Liberals;Radical Liberals;;;;;;;;;;;x;;;;;;;;;;;;;;;;;;
FEN_communist_86;Communists;Communists;Communists;;;;;;;;;;;x;;;;;;;;;;;;;;;;;;
FEN_fascist_72;Fascists;Fascists;Fascists;;;;;;;;;;;x;;;;;;;;;;;;;;;;;;
FOI_ADJ;Foix;Foix;Foix;;;;;;;;;;;x;;;;;;;;;;;;;;;;;;
FOI;Foix;Foix;Foix;;;;;;;;;;;x;;;;;;;;;;;;;;;;;;
FOI_proletarian_dictatorship;Republic of Foix;Republic of Foix;Republic of Foix;;;;;;;;;;;x;;;;;;;;;;;;;;;;;;
FOI_presidential_dictatorship;Republic of Foix;Republic of Foix;Republic of Foix;;;;;;;;;;;x;;;;;;;;;;;;;;;;;;
FOI_colonial_company;Foix;Foix;Foix;;;;;;;;;;;x;;;;;;;;;;;;;;;;;;
FOI_dominion;Foix;Foix;Foix;;;;;;;;;;;x;;;;;;;;;;;;;;;;;;
FOI_bourgeois_dictatorship;Republic of Foix;Republic of Foix;Republic of Foix;;;;;;;;;;;x;;;;;;;;;;;;;;;;;;
FOI_fascist_dictatorship;Foix French State;Foix French State;Foix French State;;;;;;;;;;;x;;;;;;;;;;;;;;;;;;
FOI_absolute_monarchy;Duchy of Foix;Duchy of Foix;Duchy of Foix;;;;;;;;;;;x;;;;;;;;;;;;;;;;;;
FOI_prussian_constitutionalism;Duchy of Foix;Duchy of Foix;Duchy of Foix;;;;;;;;;;;x;;;;;;;;;;;;;;;;;;
FOI_hms_government;Duchy of Foix;Duchy of Foix;Duchy of Foix;;;;;;;;;;;x;;;;;;;;;;;;;;;;;;
FOI_democracy;Republic of Foix;Republic of Foix;Republic of Foix;;;;;;;;;;;x;;;;;;;;;;;;;;;;;;
FOI_federal_democracy;Republic of Foix;Republic of Foix;Republic of Foix;;;;;;;;;;;x;;;;;;;;;;;;;;;;;;
FOI_theocracy;Foix;Foix;Foix;;;;;;;;;;;x;;;;;;;;;;;;;;;;;;
FOI_french_bourbon;Duchy of Foix;Duchy of Foix;Duchy of Foix;;;;;;;;;;;x;;;;;;;;;;;;;;;;;;
FOI_conservative_92;Conservatives;Conservatives;Conservatives;;;;;;;;;;;x;;;;;;;;;;;;;;;;;;
FOI_liberal_79;Liberals;Liberals;Liberals;;;;;;;;;;;x;;;;;;;;;;;;;;;;;;
FOI_liberal_87;National Liberals;National Liberals;National Liberals;;;;;;;;;;;x;;;;;;;;;;;;;;;;;;
FOI_socialist_85;Socialists;Socialists;Socialists;;;;;;;;;;;x;;;;;;;;;;;;;;;;;;
FOI_socialist_99;National Socialists;National Socialists;National Socialists;;;;;;;;;;;x;;;;;;;;;;;;;;;;;;
FOI_reactionary_84;Monarchy Leadership;Monarchy Leadership;Monarchy Leadership;;;;;;;;;;;x;;;;;;;;;;;;;;;;;;
FOI_anarcho_liberal_93;Radical Liberals;Radical Liberals;Radical Liberals;;;;;;;;;;;x;;;;;;;;;;;;;;;;;;
FOI_communist_86;Communists;Communists;Communists;;;;;;;;;;;x;;;;;;;;;;;;;;;;;;
FOI_fascist_72;Fascists;Fascists;Fascists;;;;;;;;;;;x;;;;;;;;;;;;;;;;;;
FRA;Francia;Francia;Francia;;;;;;;;;;;x;;;;;;;;;;;;;;;;;;
FRA_proletarian_dictatorship;Republic of Francia;Republic of Francia;Republic of Francia;;;;;;;;;;;x;;;;;;;;;;;;;;;;;;
FRA_presidential_dictatorship;Republic of Francia;Republic of Francia;Republic of Francia;;;;;;;;;;;x;;;;;;;;;;;;;;;;;;
FRA_colonial_company;Francia;Francia;Francia;;;;;;;;;;;x;;;;;;;;;;;;;;;;;;
FRA_dominion;Francia;Francia;Francia;;;;;;;;;;;x;;;;;;;;;;;;;;;;;;
FRA_bourgeois_dictatorship;Republic of Francia;Republic of Francia;Republic of Francia;;;;;;;;;;;x;;;;;;;;;;;;;;;;;;
FRA_fascist_dictatorship;Duchy of Francia;Duchy of Francia;Duchy of Francia;;;;;;;;;;;x;;;;;;;;;;;;;;;;;;
FRA_absolute_monarchy;Duchy of Francia;Duchy of Francia;Duchy of Francia;;;;;;;;;;;x;;;;;;;;;;;;;;;;;;
FRA_prussian_constitutionalism;Duchy of Francia;Duchy of Francia;Duchy of Francia;;;;;;;;;;;x;;;;;;;;;;;;;;;;;;
FRA_hms_government;Duchy of Francia;Duchy of Francia;Duchy of Francia;;;;;;;;;;;x;;;;;;;;;;;;;;;;;;
FRA_democracy;Republic of Foix;Republic of Foix;Republic of Foix;;;;;;;;;;;x;;;;;;;;;;;;;;;;;;
FRA_federal_democracy;Republic of Francia;Republic of Francia;Republic of Francia;;;;;;;;;;;x;;;;;;;;;;;;;;;;;;
FRA_theocracy;Francia;Francia;Francia;;;;;;;;;;;x;;;;;;;;;;;;;;;;;;
FRA_french_bourbon;Duchy of Francia;Duchy of Francia;Duchy of Francia;;;;;;;;;;;x;;;;;;;;;;;;;;;;;;
GOT_ADJ;Gothic;Gothic;Gothic;;;;;;;;;;;x;;;;;;;;;;;;;;;;;;
GOT;Bosphor;Bosphor;Bosphor;;;;;;;;;;;x;;;;;;;;;;;;;;;;;;
GOT_proletarian_dictatorship;People's Republic of Gothia;People's Republic of Gothia;People's Republic of Bosphor;;;;;;;;;;;x;;;;;;;;;;;;;;;;;;
GOT_presidential_dictatorship;Gothic Republic;Gothic Republic;Bosphor Republic;;;;;;;;;;;x;;;;;;;;;;;;;;;;;;
GOT_colonial_company;Bosphor Kingdom;Bosphor Kingdom;Bosphor Kingdom;;;;;;;;;;;x;;;;;;;;;;;;;;;;;;
GOT_dominion;Bosphor Kingdom;Bosphor Kingdom;Bosphor Kingdom;;;;;;;;;;;x;;;;;;;;;;;;;;;;;;
GOT_bourgeois_dictatorship;Bosphor Republic;Bosphor Republic;Bosphor Republic;;;;;;;;;;;x;;;;;;;;;;;;;;;;;;
GOT_fascist_dictatorship;Gothic National State;Gothic National State;Gothic National State;;;;;;;;;;;x;;;;;;;;;;;;;;;;;;
GOT_absolute_monarchy;Bosphor Kingdom;Bosphor Kingdom;Bosphor Kingdom;;;;;;;;;;;x;;;;;;;;;;;;;;;;;;
GOT_prussian_constitutionalism;Bosphor Kingdom;Bosphor Kingdom;Bosphor Kingdom;;;;;;;;;;;x;;;;;;;;;;;;;;;;;;
GOT_hms_government;Bosphor Kingdom;Bosphor Kingdom;Bosphor Kingdom;;;;;;;;;;;x;;;;;;;;;;;;;;;;;;
GOT_democracy;Bosphor Republic;Bosphor Republic;Bosphor Republic;;;;;;;;;;;x;;;;;;;;;;;;;;;;;;
GOT_federal_democracy;Bosphor Republic;Bosphor Republic;Bosphor Republic;;;;;;;;;;;x;;;;;;;;;;;;;;;;;;
GOT_theocracy;Archbishopric of Bosphor;Archbishopric of Bosphor;Archbishopric of Bosphor;;;;;;;;;;;x;;;;;;;;;;;;;;;;;;
GOT_french_bourbon;Bosphor Kingdom;Bosphor Kingdom;Bosphor Kingdom;;;;;;;;;;;x;;;;;;;;;;;;;;;;;;
GOT_conservative_92;Conservatives;Conservatives;Conservatives;;;;;;;;;;;x;;;;;;;;;;;;;;;;;;
GOT_liberal_79;Liberals;Liberals;Liberals;;;;;;;;;;;x;;;;;;;;;;;;;;;;;;
GOT_liberal_87;National Liberals;National Liberals;National Liberals;;;;;;;;;;;x;;;;;;;;;;;;;;;;;;
GOT_socialist_85;Socialists;Socialists;Socialists;;;;;;;;;;;x;;;;;;;;;;;;;;;;;;
GOT_socialist_99;National Socialists;National Socialists;National Socialists;;;;;;;;;;;x;;;;;;;;;;;;;;;;;;
GOT_reactionary_84;Monarchy Leadership;Monarchy Leadership;Monarchy Leadership;;;;;;;;;;;x;;;;;;;;;;;;;;;;;;
GOT_anarcho_liberal_93;Radical Liberals;Radical Liberals;Radical Liberals;;;;;;;;;;;x;;;;;;;;;;;;;;;;;;
GOT_communist_86;Communists;Communists;Communists;;;;;;;;;;;x;;;;;;;;;;;;;;;;;;
GOT_fascist_72;Fascists;Fascists;Fascists;;;;;;;;;;;x;;;;;;;;;;;;;;;;;;
INC_ADJ;Inca;Inca;Inca;;;;;;;;;;;x;;;;;;;;;;;;;;;;;;
INC;Inca Confederation;Inca Confederation;Inca Confederation;;;;;;;;;;;x;;;;;;;;;;;;;;;;;;
INC_proletarian_dictatorship;Peasant Republic of Inca;Peasant Republic of Inca;Peasant Republic of Inca;;;;;;;;;;;x;;;;;;;;;;;;;;;;;;
INC_presidential_dictatorship;Inca Confederation;Inca Confederation;Inca Confederation;;;;;;;;;;;x;;;;;;;;;;;;;;;;;;
INC_colonial_company;Inca Confederation;Inca Confederation;Inca Confederation;;;;;;;;;;;x;;;;;;;;;;;;;;;;;;
INC_dominion;Inca Confederation;Inca Confederation;Inca Confederation;;;;;;;;;;;x;;;;;;;;;;;;;;;;;;
INC_bourgeois_dictatorship;Inca Confederation;Inca Confederation;Inca Confederation;;;;;;;;;;;x;;;;;;;;;;;;;;;;;;
INC_fascist_dictatorship;Empire of the Sun;Empire of the Sun;Empire of the Sun;;;;;;;;;;;x;;;;;;;;;;;;;;;;;;
INC_absolute_monarchy;Inca Confederation;Inca Confederation;Inca Confederation;;;;;;;;;;;x;;;;;;;;;;;;;;;;;;
INC_prussian_constitutionalism;Inca Confederation;Inca Confederation;Inca Confederation;;;;;;;;;;;x;;;;;;;;;;;;;;;;;;
INC_hms_government;Inca Confederation;Inca Confederation;Inca Confederation;;;;;;;;;;;x;;;;;;;;;;;;;;;;;;
INC_democracy;Inca Confederation;Inca Confederation;Inca Confederation;;;;;;;;;;;x;;;;;;;;;;;;;;;;;;
INC_federal_democracy;Inca Confederation;Inca Confederation;Inca Confederation;;;;;;;;;;;x;;;;;;;;;;;;;;;;;;
INC_theocracy;Inca Confederation;Inca Confederation;Inca Confederation;;;;;;;;;;;x;;;;;;;;;;;;;;;;;;
INC_french_bourbon;Inca Confederation;Inca Confederation;Inca Confederation;;;;;;;;;;;x;;;;;;;;;;;;;;;;;;
INC_conservative_1;S;Conservatives;Conservatives;;;;;;;;;;;x;;;;;;;;;;;;;;;;;;
INC_liberal_1;Reformists;Reformists;Reformists;;;;;;;;;;;x;;;;;;;;;;;;;;;;;;
INC_reactionary_1;Traditionalists;Traditionalists;Traditionalists;;;;;;;;;;;x;;;;;;;;;;;;;;;;;;
INC_socialist_1;Peasants' Party;Peasants' Party;Peasants' Party;;;;;;;;;;;x;;;;;;;;;;;;;;;;;;
INC_anarcho_liberal_1;Radical Republican Party;Radical Republican Party;Radical Republican Party;;;;;;;;;;;x;;;;;;;;;;;;;;;;;;
INC_communist_1;Shining Path;Shining Path;Shining Path;;;;;;;;;;;x;;;;;;;;;;;;;;;;;;
INC_fascist_1;Sons of the Sun;Sons of the Sun;Sons of the Sun;;;;;;;;;;;x;;;;;;;;;;;;;;;;;;
LMO_ADJ;Limoges;Limoges;Limoges;;;;;;;;;;;x;;;;;;;;;;;;;;;;;;
LMO;Limoges;Limoges;Limoges;;;;;;;;;;;x;;;;;;;;;;;;;;;;;;
LMO_proletarian_dictatorship;Republic of Limoges;Republic of Limoges;Republic of Limoges;;;;;;;;;;;x;;;;;;;;;;;;;;;;;;
LMO_presidential_dictatorship;Republic of Limoges;Republic of Limoges;Republic of Limoges;;;;;;;;;;;x;;;;;;;;;;;;;;;;;;
LMO_colonial_company;Limoges;Limoges;Limoges;;;;;;;;;;;x;;;;;;;;;;;;;;;;;;
LMO_dominion;Limoges;Limoges;Limoges;;;;;;;;;;;x;;;;;;;;;;;;;;;;;;
LMO_bourgeois_dictatorship;Republic of Limoges;Republic of Limoges;Republic of Limoges;;;;;;;;;;;x;;;;;;;;;;;;;;;;;;
LMO_fascist_dictatorship;Limoges French State;Limoges French State;Limoges French State;;;;;;;;;;;x;;;;;;;;;;;;;;;;;;
LMO_absolute_monarchy;Duchy of Limoges;Duchy of Limoges;Duchy of Limoges;;;;;;;;;;;x;;;;;;;;;;;;;;;;;;
LMO_prussian_constitutionalism;Duchy of Limoges;Duchy of Limoges;Duchy of Limoges;;;;;;;;;;;x;;;;;;;;;;;;;;;;;;
LMO_hms_government;Duchy of Limoges;Duchy of Limoges;Duchy of Limoges;;;;;;;;;;;x;;;;;;;;;;;;;;;;;;
LMO_democracy;Republic of Limoges;Republic of Limoges;Republic of Limoges;;;;;;;;;;;x;;;;;;;;;;;;;;;;;;
LMO_federal_democracy;Limoges;Limoges;Limoges;;;;;;;;;;;x;;;;;;;;;;;;;;;;;;
LMO_theocracy;Limoges;Limoges;Limoges;;;;;;;;;;;x;;;;;;;;;;;;;;;;;;
LMO_french_bourbon;Duchy of Limoges;Duchy of Limoges;Duchy of Limoges;;;;;;;;;;;x;;;;;;;;;;;;;;;;;;
LMO_conservative_92;Conservatives;Conservatives;Conservatives;;;;;;;;;;;x;;;;;;;;;;;;;;;;;;
LMO_liberal_79;Liberals;Liberals;Liberals;;;;;;;;;;;x;;;;;;;;;;;;;;;;;;
LMO_liberal_87;National Liberals;National Liberals;National Liberals;;;;;;;;;;;x;;;;;;;;;;;;;;;;;;
LMO_socialist_85;Socialists;Socialists;Socialists;;;;;;;;;;;x;;;;;;;;;;;;;;;;;;
LMO_socialist_99;National Socialists;National Socialists;National Socialists;;;;;;;;;;;x;;;;;;;;;;;;;;;;;;
LMO_reactionary_84;Monarchy Leadership;Monarchy Leadership;Monarchy Leadership;;;;;;;;;;;x;;;;;;;;;;;;;;;;;;
LMO_anarcho_liberal_93;Radical Liberals;Radical Liberals;Radical Liberals;;;;;;;;;;;x;;;;;;;;;;;;;;;;;;
LMO_communist_86;Communists;Communists;Communists;;;;;;;;;;;x;;;;;;;;;;;;;;;;;;
LMO_fascist_72;Fascists;Fascists;Fascists;;;;;;;;;;;x;;;;;;;;;;;;;;;;;;
MNT_ADJ;Montauban;Montauban;Montauban;;;;;;;;;;;x;;;;;;;;;;;;;;;;;;
MNT;Montauban;Montauban;Montauban;;;;;;;;;;;x;;;;;;;;;;;;;;;;;;
MNT_proletarian_dictatorship;Republic of Montauban;Republic of Montauban;Republic of Montauban;;;;;;;;;;;x;;;;;;;;;;;;;;;;;;
MNT_presidential_dictatorship;Republic of Montauban;Republic of Montauban;Republic of Montauban;;;;;;;;;;;x;;;;;;;;;;;;;;;;;;
MNT_colonial_company;Montauban;Montauban;Montauban;;;;;;;;;;;x;;;;;;;;;;;;;;;;;;
MNT_dominion;Montauban;Montauban;Montauban;;;;;;;;;;;x;;;;;;;;;;;;;;;;;;
MNT_bourgeois_dictatorship;Republic of Montauban;Republic of Montauban;Republic of Montauban;;;;;;;;;;;x;;;;;;;;;;;;;;;;;;
MNT_fascist_dictatorship;Montauban French State;Montauban French State;Montauban French State;;;;;;;;;;;x;;;;;;;;;;;;;;;;;;
MNT_absolute_monarchy;Duchy of Montauban;Duchy of Montauban;Duchy of Montauban;;;;;;;;;;;x;;;;;;;;;;;;;;;;;;
MNT_prussian_constitutionalism;Duchy of Montauban;Duchy of Montauban;Duchy of Montauban;;;;;;;;;;;x;;;;;;;;;;;;;;;;;;
MNT_hms_government;Duchy of Montauban;Duchy of Montauban;Duchy of Montauban;;;;;;;;;;;x;;;;;;;;;;;;;;;;;;
MNT_democracy;Republic of Montauban;Republic of Montauban;Republic of Montauban;;;;;;;;;;;x;;;;;;;;;;;;;;;;;;
MNT_federal_democracy;Montauban;Montauban;Montauban;;;;;;;;;;;x;;;;;;;;;;;;;;;;;;
MNT_theocracy;Montauban;Montauban;Montauban;;;;;;;;;;;x;;;;;;;;;;;;;;;;;;
MNT_french_bourbon;Duchy of Montauban;Duchy of Montauban;Duchy of Montauban;;;;;;;;;;;x;;;;;;;;;;;;;;;;;;
MNT_conservative_92;Conservatives;Conservatives;Conservatives;;;;;;;;;;;x;;;;;;;;;;;;;;;;;;
MNT_liberal_79;Liberals;Liberals;Liberals;;;;;;;;;;;x;;;;;;;;;;;;;;;;;;
MNT_liberal_87;National Liberals;National Liberals;National Liberals;;;;;;;;;;;x;;;;;;;;;;;;;;;;;;
MNT_socialist_85;Socialists;Socialists;Socialists;;;;;;;;;;;x;;;;;;;;;;;;;;;;;;
MNT_socialist_99;National Socialists;National Socialists;National Socialists;;;;;;;;;;;x;;;;;;;;;;;;;;;;;;
MNT_reactionary_84;Monarchy Leadership;Monarchy Leadership;Monarchy Leadership;;;;;;;;;;;x;;;;;;;;;;;;;;;;;;
MNT_anarcho_liberal_93;Radical Liberals;Radical Liberals;Radical Liberals;;;;;;;;;;;x;;;;;;;;;;;;;;;;;;
MNT_communist_86;Communists;Communists;Communists;;;;;;;;;;;x;;;;;;;;;;;;;;;;;;
MNT_fascist_72;Fascists;Fascists;Fascists;;;;;;;;;;;x;;;;;;;;;;;;;;;;;;
MOU_ADJ;Moulins;Moulins;Moulins;;;;;;;;;;;x;;;;;;;;;;;;;;;;;;
MOU;Moulins;Moulins;Moulins;;;;;;;;;;;x;;;;;;;;;;;;;;;;;;
MOU_proletarian_dictatorship;Republic of Moulins;Republic of Moulins;Republic of Moulins;;;;;;;;;;;x;;;;;;;;;;;;;;;;;;
MOU_presidential_dictatorship;Republic of Moulins;Republic of Moulins;Republic of Moulins;;;;;;;;;;;x;;;;;;;;;;;;;;;;;;
MOU_colonial_company;Moulins;Moulins;Moulins;;;;;;;;;;;x;;;;;;;;;;;;;;;;;;
MOU_dominion;Moulins;Moulins;Moulins;;;;;;;;;;;x;;;;;;;;;;;;;;;;;;
MOU_bourgeois_dictatorship;Republic of Moulins;Republic of Moulins;Republic of Moulins;;;;;;;;;;;x;;;;;;;;;;;;;;;;;;
MOU_fascist_dictatorship;Moulins French State;Moulins French State;Moulins French State;;;;;;;;;;;x;;;;;;;;;;;;;;;;;;
MOU_absolute_monarchy;Duchy of Moulins;Duchy of Moulins;Duchy of Moulins;;;;;;;;;;;x;;;;;;;;;;;;;;;;;;
MOU_prussian_constitutionalism;Duchy of Moulins;Duchy of Moulins;Duchy of Moulins;;;;;;;;;;;x;;;;;;;;;;;;;;;;;;
MOU_hms_government;Duchy of Moulins;Duchy of Moulins;Duchy of Moulins;;;;;;;;;;;x;;;;;;;;;;;;;;;;;;
MOU_democracy;Republic of Moulins;Republic of Moulins;Republic of Moulins;;;;;;;;;;;x;;;;;;;;;;;;;;;;;;
MOU_federal_democracy;Moulins;Moulins;Moulins;;;;;;;;;;;x;;;;;;;;;;;;;;;;;;
MOU_theocracy;Moulins;Moulins;Moulins;;;;;;;;;;;x;;;;;;;;;;;;;;;;;;
MOU_french_bourbon;Duchy of Moulins;Duchy of Moulins;Duchy of Moulins;;;;;;;;;;;x;;;;;;;;;;;;;;;;;;
MOU_conservative_92;Conservatives;Conservatives;Conservatives;;;;;;;;;;;x;;;;;;;;;;;;;;;;;;
MOU_liberal_79;Liberals;Liberals;Liberals;;;;;;;;;;;x;;;;;;;;;;;;;;;;;;
MOU_liberal_87;National Liberals;National Liberals;National Liberals;;;;;;;;;;;x;;;;;;;;;;;;;;;;;;
MOU_socialist_85;Socialists;Socialists;Socialists;;;;;;;;;;;x;;;;;;;;;;;;;;;;;;
MOU_socialist_99;National Socialists;National Socialists;National Socialists;;;;;;;;;;;x;;;;;;;;;;;;;;;;;;
MOU_reactionary_84;Monarchy Leadership;Monarchy Leadership;Monarchy Leadership;;;;;;;;;;;x;;;;;;;;;;;;;;;;;;
MOU_anarcho_liberal_93;Radical Liberals;Radical Liberals;Radical Liberals;;;;;;;;;;;x;;;;;;;;;;;;;;;;;;
MOU_communist_86;Communists;Communists;Communists;;;;;;;;;;;x;;;;;;;;;;;;;;;;;;
MOU_fascist_72;Fascists;Fascists;Fascists;;;;;;;;;;;x;;;;;;;;;;;;;;;;;;
NOR_ADJ;Norman;Norman;Norman;;;;;;;;;;;x;;;;;;;;;;;;;;;;;;
NOR;Normandy;Normandy;Normandy;;;;;;;;;;;x;;;;;;;;;;;;;;;;;;
NOR_proletarian_dictatorship;Republic of Normandy;Normandy;Normandy;;;;;;;;;;;x;;;;;;;;;;;;;;;;;;
NOR_presidential_dictatorship;Republic of Normandy;Normandy;Normandy;;;;;;;;;;;x;;;;;;;;;;;;;;;;;;
NOR_colonial_company;Normandy;Normandy;Normandy;;;;;;;;;;;x;;;;;;;;;;;;;;;;;;
NOR_dominion;Normandy;Normandy;Normandy;;;;;;;;;;;x;;;;;;;;;;;;;;;;;;
NOR_bourgeois_dictatorship;Republic of Normandy;Normandy;Normandy;;;;;;;;;;;x;;;;;;;;;;;;;;;;;;
NOR_fascist_dictatorship;Normandy French State;Normandy;Normandy;;;;;;;;;;;x;;;;;;;;;;;;;;;;;;
NOR_absolute_monarchy;Duchy of Normandy;Normandy;Normandy;;;;;;;;;;;x;;;;;;;;;;;;;;;;;;
NOR_prussian_constitutionalism;Duchy of Normandy;Normandy;Normandy;;;;;;;;;;;x;;;;;;;;;;;;;;;;;;
NOR_hms_government;Duchy of Normandy;Normandy;Normandy;;;;;;;;;;;x;;;;;;;;;;;;;;;;;;
NOR_democracy;Republic of Normandy;Normandy;Normandy;;;;;;;;;;;x;;;;;;;;;;;;;;;;;;
NOR_federal_democracy;Republic of Normandy;Normandy;Normandy;;;;;;;;;;;x;;;;;;;;;;;;;;;;;;
NOR_theocracy;Normandy;Normandy;Normandy;;;;;;;;;;;x;;;;;;;;;;;;;;;;;;
NOR_french_bourbon;Duchy of Normandy;Normandy;Normandy;;;;;;;;;;;x;;;;;;;;;;;;;;;;;;
NOR_conservative_92;Conservatives;Conservatives;Conservatives;;;;;;;;;;;x;;;;;;;;;;;;;;;;;;
NOR_liberal_79;Liberals;Liberals;Liberals;;;;;;;;;;;x;;;;;;;;;;;;;;;;;;
NOR_liberal_87;National Liberals;National Liberals;National Liberals;;;;;;;;;;;x;;;;;;;;;;;;;;;;;;
NOR_socialist_85;Socialists;Socialists;Socialists;;;;;;;;;;;x;;;;;;;;;;;;;;;;;;
NOR_socialist_99;National Socialists;National Socialists;National Socialists;;;;;;;;;;;x;;;;;;;;;;;;;;;;;;
NOR_reactionary_84;Monarchy Leadership;Monarchy Leadership;Monarchy Leadership;;;;;;;;;;;x;;;;;;;;;;;;;;;;;;
NOR_anarcho_liberal_93;Radical Liberals;Radical Liberals;Radical Liberals;;;;;;;;;;;x;;;;;;;;;;;;;;;;;;
NOR_communist_86;Communists;Communists;Communists;;;;;;;;;;;x;;;;;;;;;;;;;;;;;;
NOR_fascist_72;Fascists;Fascists;Fascists;;;;;;;;;;;x;;;;;;;;;;;;;;;;;;
NSE_ADJ;Anglo-Scandinavian;Anglo-Scandinavian;Anglo-Scandinavian;;;;;;;;;;;x;;;;;;;;;;;;;;;;;;
NSE;United State of North Sea;United State of North Sea;United State of North Sea;;;;;;;;;;;x;;;;;;;;;;;;;;;;;;
NSE_proletarian_dictatorship;Council North Sea Republic;Council North Sea Republic;Council North Sea Republic;;;;;;;;;;;x;;;;;;;;;;;;;;;;;;
NSE_presidential_dictatorship;North Sea Republic;North Sea Republic;North Sea Republic;;;;;;;;;;;x;;;;;;;;;;;;;;;;;;
NSE_colonial_company;United Kingdom of the North Sea;United Kingdom of the North Sea;United Kingdom of the North Sea;;;;;;;;;;;x;;;;;;;;;;;;;;;;;;
NSE_dominion;United Kingdom of the North Sea;United Kingdom of the North Sea;United Kingdom of the North Sea;;;;;;;;;;;x;;;;;;;;;;;;;;;;;;
NSE_bourgeois_dictatorship;North Sea Republic;North Sea Republic;North Sea Republic;;;;;;;;;;;x;;;;;;;;;;;;;;;;;;
NSE_fascist_dictatorship;United Kingdom of the North Sea;United Kingdom of the North Sea;United Kingdom of the North Sea;;;;;;;;;;;x;;;;;;;;;;;;;;;;;;
NSE_absolute_monarchy;United Kingdom of the North Sea;United Kingdom of the North Sea;United Kingdom of the North Sea;;;;;;;;;;;x;;;;;;;;;;;;;;;;;;
NSE_prussian_constitutionalism;United Kingdom of the North Sea;United Kingdom of the North Sea;United Kingdom of the North Sea;;;;;;;;;;;x;;;;;;;;;;;;;;;;;;
NSE_hms_government;United Kingdom of the North Sea;United Kingdom of the North Sea;United Kingdom of the North Sea;;;;;;;;;;;x;;;;;;;;;;;;;;;;;;
NSE_democracy;North Sea Republic;North Sea Republic;North Sea Republic;;;;;;;;;;;x;;;;;;;;;;;;;;;;;;
NSE_federal_democracy;North Sea Republic;North Sea Republic;North Sea Republic;;;;;;;;;;;x;;;;;;;;;;;;;;;;;;
NSE_theocracy;United Kingdom of the North Sea;United Kingdom of the North Sea;United Kingdom of the North Sea;;;;;;;;;;;x;;;;;;;;;;;;;;;;;;
NSE_french_bourbon;United Kingdom of the North Sea;United Kingdom of the North Sea;United Kingdom of the North Sea;;;;;;;;;;;x;;;;;;;;;;;;;;;;;;
NSE_conservative_90;Low Tories;Low Tories;Low Tories;;;;;;;;;;;x;;;;;;;;;;;;;;;;;;
NSE_liberal_76;Whigs;Whigs;Whigs;;;;;;;;;;;x;;;;;;;;;;;;;;;;;;
NSE_liberal_88;Liberal Party;Liberal Party;Liberal Party;;;;;;;;;;;x;;;;;;;;;;;;;;;;;;
NSE_socialist_100;United Socialist Party;United Socialist Party;United Socialist Party;;;;;;;;;;;x;;;;;;;;;;;;;;;;;;
NSE_reactionary_76;High Tories;High Tories;High Tories;;;;;;;;;;;x;;;;;;;;;;;;;;;;;;
NSE_anarcho_liberal_99;Radical-Liberal Party;Radical-Liberal Party;Radical-Liberal Party;;;;;;;;;;;x;;;;;;;;;;;;;;;;;;
NSE_communist_90;Workers' Party;Workers' Party;Workers' Party;;;;;;;;;;;x;;;;;;;;;;;;;;;;;;
NSE_fascist_75;Centre Party;Centre Party;Centre Party;;;;;;;;;;;x;;;;;;;;;;;;;;;;;;
NSE_conservative_93;Medium Tories;Medium Tories;Medium Tories;;;;;;;;;;;x;;;;;;;;;;;;;;;;;;
PIC_ADJ;Picard;Picard;Picard;;;;;;;;;;;x;;;;;;;;;;;;;;;;;;
PIC;Picardy;Picardy;Picardy;;;;;;;;;;;x;;;;;;;;;;;;;;;;;;
PIC_proletarian_dictatorship;Picardy;Picardy;Picardy;;;;;;;;;;;x;;;;;;;;;;;;;;;;;;
PIC_presidential_dictatorship;Picard Republic;Picard Republic;Picard Republic;;;;;;;;;;;x;;;;;;;;;;;;;;;;;;
PIC_colonial_company;Picardy;Picardy;Picardy;;;;;;;;;;;x;;;;;;;;;;;;;;;;;;
PIC_dominion;Picardy;Picardy;Picardy;;;;;;;;;;;x;;;;;;;;;;;;;;;;;;
PIC_bourgeois_dictatorship;Picard Republic;Picard Republic;Picard Republic;;;;;;;;;;;x;;;;;;;;;;;;;;;;;;
PIC_fascist_dictatorship;Picardy;Picardy;Picardy;;;;;;;;;;;x;;;;;;;;;;;;;;;;;;
PIC_absolute_monarchy;Duchy of Picardy;Duchy of Picardy;Duchy of Picardy;;;;;;;;;;;x;;;;;;;;;;;;;;;;;;
PIC_prussian_constitutionalism;Duchy of Picardy;Duchy of Picardy;Duchy of Picardy;;;;;;;;;;;x;;;;;;;;;;;;;;;;;;
PIC_hms_government;Duchy of Picardy;Duchy of Picardy;Duchy of Picardy;;;;;;;;;;;x;;;;;;;;;;;;;;;;;;
PIC_democracy;Picard Republic;Picard Republic;Picard Republic;;;;;;;;;;;x;;;;;;;;;;;;;;;;;;
PIC_federal_democracy;Picard Republic;Picard Republic;Picard Republic;;;;;;;;;;;x;;;;;;;;;;;;;;;;;;
PIC_theocracy;Picardy;Picardy;Picardy;;;;;;;;;;;x;;;;;;;;;;;;;;;;;;
PIC_french_bourbon;Duchy of Picardy;Duchy of Picardy;Duchy of Picardy;;;;;;;;;;;x;;;;;;;;;;;;;;;;;;
PIC_conservative_92;Conservatives;Conservatives;Conservatives;;;;;;;;;;;x;;;;;;;;;;;;;;;;;;
PIC_liberal_79;Liberals;Liberals;Liberals;;;;;;;;;;;x;;;;;;;;;;;;;;;;;;
PIC_liberal_87;National Liberals;National Liberals;National Liberals;;;;;;;;;;;x;;;;;;;;;;;;;;;;;;
PIC_socialist_85;Socialists;Socialists;Socialists;;;;;;;;;;;x;;;;;;;;;;;;;;;;;;
PIC_socialist_99;National Socialists;National Socialists;National Socialists;;;;;;;;;;;x;;;;;;;;;;;;;;;;;;
PIC_reactionary_84;Monarchy Leadership;Monarchy Leadership;Monarchy Leadership;;;;;;;;;;;x;;;;;;;;;;;;;;;;;;
PIC_anarcho_liberal_93;Radical Liberals;Radical Liberals;Radical Liberals;;;;;;;;;;;x;;;;;;;;;;;;;;;;;;
PIC_communist_86;Communists;Communists;Communists;;;;;;;;;;;x;;;;;;;;;;;;;;;;;;
PIC_fascist_72;Fascists;Fascists;Fascists;;;;;;;;;;;x;;;;;;;;;;;;;;;;;;
POI_ADJ;Poitiers;Poitiers;Poitiers;;;;;;;;;;;x;;;;;;;;;;;;;;;;;;
POI;Toulouse;Toulouse;Toulouse;;;;;;;;;;;x;;;;;;;;;;;;;;;;;;
POI_proletarian_dictatorship;Republic of Poitiers;Republic of Poitiers;Republic of Poitiers;;;;;;;;;;;x;;;;;;;;;;;;;;;;;;
POI_presidential_dictatorship;Republic of Poitiers;Republic of Poitiers;Republic of Poitiers;;;;;;;;;;;x;;;;;;;;;;;;;;;;;;
POI_colonial_company;Poitiers;Poitiers;Poitiers;;;;;;;;;;;x;;;;;;;;;;;;;;;;;;
POI_dominion;Poitiers;Poitiers;Poitiers;;;;;;;;;;;x;;;;;;;;;;;;;;;;;;
POI_bourgeois_dictatorship;Republic of Poitiers;Republic of Poitiers;Republic of Poitiers;;;;;;;;;;;x;;;;;;;;;;;;;;;;;;
POI_fascist_dictatorship;Poitiers French State;Poitiers French State;Poitiers French State;;;;;;;;;;;x;;;;;;;;;;;;;;;;;;
POI_absolute_monarchy;Duchy of Poitiers;Duchy of Poitiers;Duchy of Poitiers;;;;;;;;;;;x;;;;;;;;;;;;;;;;;;
POI_prussian_constitutionalism;Duchy of Poitiers;Duchy of Poitiers;Duchy of Poitiers;;;;;;;;;;;x;;;;;;;;;;;;;;;;;;
POI_hms_government;Duchy of Poitiers;Duchy of Poitiers;Duchy of Poitiers;;;;;;;;;;;x;;;;;;;;;;;;;;;;;;
POI_democracy;Republic of Poitiers;Republic of Poitiers;Republic of Poitiers;;;;;;;;;;;x;;;;;;;;;;;;;;;;;;
POI_federal_democracy;Republic of Poitiers;Republic of Poitiers;Republic of Poitiers;;;;;;;;;;;x;;;;;;;;;;;;;;;;;;
POI_theocracy;Poitiers;Poitiers;Poitiers;;;;;;;;;;;x;;;;;;;;;;;;;;;;;;
POI_french_bourbon;Duchy of Poitiers;Duchy of Poitiers;Duchy of Poitiers;;;;;;;;;;;x;;;;;;;;;;;;;;;;;;
POI_conservative_92;Conservatives;Conservatives;Conservatives;;;;;;;;;;;x;;;;;;;;;;;;;;;;;;
POI_liberal_79;Liberals;Liberals;Liberals;;;;;;;;;;;x;;;;;;;;;;;;;;;;;;
POI_liberal_87;National Liberals;National Liberals;National Liberals;;;;;;;;;;;x;;;;;;;;;;;;;;;;;;
POI_socialist_85;Socialists;Socialists;Socialists;;;;;;;;;;;x;;;;;;;;;;;;;;;;;;
POI_socialist_99;National Socialists;National Socialists;National Socialists;;;;;;;;;;;x;;;;;;;;;;;;;;;;;;
POI_reactionary_84;Monarchy Leadership;Monarchy Leadership;Monarchy Leadership;;;;;;;;;;;x;;;;;;;;;;;;;;;;;;
POI_anarcho_liberal_93;Radical Liberals;Radical Liberals;Radical Liberals;;;;;;;;;;;x;;;;;;;;;;;;;;;;;;
POI_communist_86;Communists;Communists;Communists;;;;;;;;;;;x;;;;;;;;;;;;;;;;;;
POI_fascist_72;Fascists;Fascists;Fascists;;;;;;;;;;;x;;;;;;;;;;;;;;;;;;
RHI_ADJ;Rhinelander ;Rhinelander ;Rhinelander ;;;;;;;;;;;x;;;;;;;;;;;;;;;;;;
RHI;Rhineland;Rhineland;Rhineland;;;;;;;;;;;x;;;;;;;;;;;;;;;;;;
RHI_proletarian_dictatorship;Rhinelander Republic;Rhinelander Republic;Rhinelander Republic;;;;;;;;;;;x;;;;;;;;;;;;;;;;;;
RHI_presidential_dictatorship;Rhinelander Republic;Rhinelander Republic;Rhinelander Republic;;;;;;;;;;;x;;;;;;;;;;;;;;;;;;
RHI_colonial_company;Rhineland;Rhineland;Rhineland;;;;;;;;;;;x;;;;;;;;;;;;;;;;;;
RHI_dominion;Rhineland;Rhineland;Rhineland;;;;;;;;;;;x;;;;;;;;;;;;;;;;;;
RHI_bourgeois_dictatorship;Rhinelander Republic;Rhinelander Republic;Rhinelander Republic;;;;;;;;;;;x;;;;;;;;;;;;;;;;;;
RHI_fascist_dictatorship;Rhenania;Rhenania;Rhenania;;;;;;;;;;;x;;;;;;;;;;;;;;;;;;
RHI_absolute_monarchy;Kingdom of Rhineland;Kingdom of Rhineland;Kingdom of Rhineland;;;;;;;;;;;x;;;;;;;;;;;;;;;;;;
RHI_prussian_constitutionalism;Kingdom of Rhineland;Kingdom of Rhineland;Kingdom of Rhineland;;;;;;;;;;;x;;;;;;;;;;;;;;;;;;
RHI_hms_government;Kingdom of Rhineland;Kingdom of Rhineland;Kingdom of Rhineland;;;;;;;;;;;x;;;;;;;;;;;;;;;;;;
RHI_democracy;Rhinelander Republic;Rhinelander Republic;Rhinelander Republic;;;;;;;;;;;x;;;;;;;;;;;;;;;;;;
RHI_federal_democracy;Rhinelander Republic;Rhinelander Republic;Rhinelander Republic;;;;;;;;;;;x;;;;;;;;;;;;;;;;;;
RHI_theocracy;Archbishopric of Cologne;Archbishopric of Cologne;Archbishopric of Cologne;;;;;;;;;;;x;;;;;;;;;;;;;;;;;;
RHI_french_bourbon;Kingdom of Rhineland;Kingdom of Rhineland;Kingdom of Rhineland;;;;;;;;;;;x;;;;;;;;;;;;;;;;;;
RHI_conservative_92;Conservatives;Conservatives;Conservatives;;;;;;;;;;;x;;;;;;;;;;;;;;;;;;
RHI_liberal_79;Liberals;Liberals;Liberals;;;;;;;;;;;x;;;;;;;;;;;;;;;;;;
RHI_liberal_87;National Liberals;National Liberals;National Liberals;;;;;;;;;;;x;;;;;;;;;;;;;;;;;;
RHI_socialist_85;Socialists;Socialists;Socialists;;;;;;;;;;;x;;;;;;;;;;;;;;;;;;
RHI_socialist_99;National Socialists;National Socialists;National Socialists;;;;;;;;;;;x;;;;;;;;;;;;;;;;;;
RHI_reactionary_84;Monarchy Leadership;Monarchy Leadership;Monarchy Leadership;;;;;;;;;;;x;;;;;;;;;;;;;;;;;;
RHI_anarcho_liberal_93;Radical Liberals;Radical Liberals;Radical Liberals;;;;;;;;;;;x;;;;;;;;;;;;;;;;;;
RHI_communist_86;Communists;Communists;Communists;;;;;;;;;;;x;;;;;;;;;;;;;;;;;;
RHI_fascist_72;Fascists;Fascists;Fascists;;;;;;;;;;;x;;;;;;;;;;;;;;;;;;
TOU_ADJ;Toulouse;Toulouse;Toulouse;;;;;;;;;;;x;;;;;;;;;;;;;;;;;;
TOU;Toulouse;Toulouse;Toulouse;;;;;;;;;;;x;;;;;;;;;;;;;;;;;;
TOU_proletarian_dictatorship;Republic of Toulouse;Republic of Toulouse;Republic of Toulouse;;;;;;;;;;;x;;;;;;;;;;;;;;;;;;
TOU_presidential_dictatorship;Republic of Toulouse;Republic of Toulouse;Republic of Toulouse;;;;;;;;;;;x;;;;;;;;;;;;;;;;;;
TOU_colonial_company;Toulouse;Toulouse;Toulouse;;;;;;;;;;;x;;;;;;;;;;;;;;;;;;
TOU_dominion;Toulouse;Toulouse;Toulouse;;;;;;;;;;;x;;;;;;;;;;;;;;;;;;
TOU_bourgeois_dictatorship;Republic of Toulouse;Republic of Toulouse;Republic of Toulouse;;;;;;;;;;;x;;;;;;;;;;;;;;;;;;
TOU_fascist_dictatorship;Toulouse French State;Toulouse French State;Toulouse French State;;;;;;;;;;;x;;;;;;;;;;;;;;;;;;
TOU_absolute_monarchy;Duchy of Toulouse;Duchy of Toulouse;Duchy of Toulouse;;;;;;;;;;;x;;;;;;;;;;;;;;;;;;
TOU_prussian_constitutionalism;Duchy of Toulouse;Duchy of Toulouse;Duchy of Toulouse;;;;;;;;;;;x;;;;;;;;;;;;;;;;;;
TOU_hms_government;Duchy of Toulouse;Duchy of Toulouse;Duchy of Toulouse;;;;;;;;;;;x;;;;;;;;;;;;;;;;;;
TOU_democracy;Republic of Toulouse;Republic of Toulouse;Republic of Toulouse;;;;;;;;;;;x;;;;;;;;;;;;;;;;;;
TOU_federal_democracy;Republic of Toulouse;Republic of Toulouse;Republic of Toulouse;;;;;;;;;;;x;;;;;;;;;;;;;;;;;;
TOU_theocracy;Toulouse;Toulouse;Toulouse;;;;;;;;;;;x;;;;;;;;;;;;;;;;;;
TOU_french_bourbon;Duchy of Toulouse;Duchy of Toulouse;Duchy of Toulouse;;;;;;;;;;;x;;;;;;;;;;;;;;;;;;
TOU_conservative_92;Conservatives;Conservatives;Conservatives;;;;;;;;;;;x;;;;;;;;;;;;;;;;;;
TOU_liberal_79;Liberals;Liberals;Liberals;;;;;;;;;;;x;;;;;;;;;;;;;;;;;;
TOU_liberal_87;National Liberals;National Liberals;National Liberals;;;;;;;;;;;x;;;;;;;;;;;;;;;;;;
TOU_socialist_85;Socialists;Socialists;Socialists;;;;;;;;;;;x;;;;;;;;;;;;;;;;;;
TOU_socialist_99;National Socialists;National Socialists;National Socialists;;;;;;;;;;;x;;;;;;;;;;;;;;;;;;
TOU_reactionary_84;Monarchy Leadership;Monarchy Leadership;Monarchy Leadership;;;;;;;;;;;x;;;;;;;;;;;;;;;;;;
TOU_anarcho_liberal_93;Radical Liberals;Radical Liberals;Radical Liberals;;;;;;;;;;;x;;;;;;;;;;;;;;;;;;
TOU_communist_86;Communists;Communists;Communists;;;;;;;;;;;x;;;;;;;;;;;;;;;;;;
TOU_fascist_72;Fascists;Fascists;Fascists;;;;;;;;;;;x;;;;;;;;;;;;;;;;;;
TUL_ADJ;Tulle;Tulle;Tulle;;;;;;;;;;;x;;;;;;;;;;;;;;;;;;
TUL;Cahors;Cahors;Cahors;;;;;;;;;;;x;;;;;;;;;;;;;;;;;;
TUL_proletarian_dictatorship;Republic of Tulle;Republic of Tulle;Republic of Tulle;;;;;;;;;;;x;;;;;;;;;;;;;;;;;;
TUL_presidential_dictatorship;Republic of Tulle;Republic of Tulle;Republic of Tulle;;;;;;;;;;;x;;;;;;;;;;;;;;;;;;
TUL_colonial_company;Tulle;Tulle;Tulle;;;;;;;;;;;x;;;;;;;;;;;;;;;;;;
TUL_dominion;Tulle;Tulle;Tulle;;;;;;;;;;;x;;;;;;;;;;;;;;;;;;
TUL_bourgeois_dictatorship;Republic of Tulle;Republic of Tulle;Republic of Tulle;;;;;;;;;;;x;;;;;;;;;;;;;;;;;;
TUL_fascist_dictatorship;Tulle French State;Tulle French State;Tulle French State;;;;;;;;;;;x;;;;;;;;;;;;;;;;;;
TUL_absolute_monarchy;Duchy of Tulle;Duchy of Tulle;Duchy of Tulle;;;;;;;;;;;x;;;;;;;;;;;;;;;;;;
TUL_prussian_constitutionalism;Duchy of Tulle;Duchy of Tulle;Duchy of Tulle;;;;;;;;;;;x;;;;;;;;;;;;;;;;;;
TUL_hms_government;Duchy of Tulle;Duchy of Tulle;Duchy of Tulle;;;;;;;;;;;x;;;;;;;;;;;;;;;;;;
TUL_democracy;Republic of Tulle;Republic of Tulle;Republic of Tulle;;;;;;;;;;;x;;;;;;;;;;;;;;;;;;
TUL_federal_democracy;Tulle;Tulle;Tulle;;;;;;;;;;;x;;;;;;;;;;;;;;;;;;
TUL_theocracy;Tulle;Tulle;Tulle;;;;;;;;;;;x;;;;;;;;;;;;;;;;;;
TUL_french_bourbon;Duchy of Tulle;Duchy of Tulle;Duchy of Tulle;;;;;;;;;;;x;;;;;;;;;;;;;;;;;;
TUL_conservative_92;Conservatives;Conservatives;Conservatives;;;;;;;;;;;x;;;;;;;;;;;;;;;;;;
TUL_liberal_79;Liberals;Liberals;Liberals;;;;;;;;;;;x;;;;;;;;;;;;;;;;;;
TUL_liberal_87;National Liberals;National Liberals;National Liberals;;;;;;;;;;;x;;;;;;;;;;;;;;;;;;
TUL_socialist_85;Socialists;Socialists;Socialists;;;;;;;;;;;x;;;;;;;;;;;;;;;;;;
TUL_socialist_99;National Socialists;National Socialists;National Socialists;;;;;;;;;;;x;;;;;;;;;;;;;;;;;;
TUL_reactionary_84;Monarchy Leadership;Monarchy Leadership;Monarchy Leadership;;;;;;;;;;;x;;;;;;;;;;;;;;;;;;
TUL_anarcho_liberal_93;Radical Liberals;Radical Liberals;Radical Liberals;;;;;;;;;;;x;;;;;;;;;;;;;;;;;;
TUL_communist_86;Communists;Communists;Communists;;;;;;;;;;;x;;;;;;;;;;;;;;;;;;
TUL_fascist_72;Fascists;Fascists;Fascists;;;;;;;;;;;x;;;;;;;;;;;;;;;;;;
VEN_ADJ;Venetian;Venetian;Venetian;;;;;;;;;;;x;;;;;;;;;;;;;;;;;;
VEN;Venecija;Venecija;Venecija;;;;;;;;;;;x;;;;;;;;;;;;;;;;;;
VEN_proletarian_dictatorship;Democratic Republic of Illyria;Democratic Republic of Illyria;Democratic Republic of Illyria;;;;;;;;;;;x;;;;;;;;;;;;;;;;;;
VEN_presidential_dictatorship;Most Serene Republic of Venecija;Most Serene Republic of Venecija;Most Serene Republic of Venecija;;;;;;;;;;;x;;;;;;;;;;;;;;;;;;
VEN_colonial_company;Venecija;Venecija;Venecija;;;;;;;;;;;x;;;;;;;;;;;;;;;;;;
VEN_dominion;Venecija;Venecija;Venecija;;;;;;;;;;;x;;;;;;;;;;;;;;;;;;
VEN_bourgeois_dictatorship;Most Serene Republic of Venecija;Most Serene Republic of Venecija;Most Serene Republic of Venecija;;;;;;;;;;;x;;;;;;;;;;;;;;;;;;
VEN_fascist_dictatorship;Illyrian National State;Illyrian National State;Illyrian National State;;;;;;;;;;;x;;;;;;;;;;;;;;;;;;
VEN_absolute_monarchy;Kingdom of Venecija;Kingdom of Venecija;Kingdom of Venecija;;;;;;;;;;;x;;;;;;;;;;;;;;;;;;
VEN_prussian_constitutionalism;Kingdom of Venecija;Kingdom of Venecija;Kingdom of Venecija;;;;;;;;;;;x;;;;;;;;;;;;;;;;;;
VEN_hms_government;Kingdom of Venecija;Kingdom of Venecija;Kingdom of Venecija;;;;;;;;;;;x;;;;;;;;;;;;;;;;;;
VEN_democracy;Most Serene Republic of Venecija;Most Serene Republic of Venecija;Most Serene Republic of Venecija;;;;;;;;;;;x;;;;;;;;;;;;;;;;;;
VEN_federal_democracy;Most Serene Republic of Venecija;Most Serene Republic of Venecija;Most Serene Republic of Venecija;;;;;;;;;;;x;;;;;;;;;;;;;;;;;;
VEN_theocracy;Bishopric of Venecija;Bishopric of Venecija;Bishopric of Venecija;;;;;;;;;;;x;;;;;;;;;;;;;;;;;;
VEN_french_bourbon;Kingdom of Venecija;Kingdom of Venecija;Kingdom of Venecija;;;;;;;;;;;x;;;;;;;;;;;;;;;;;;
VEN_conservative_92;Conservatives;Conservatives;Conservatives;;;;;;;;;;;x;;;;;;;;;;;;;;;;;;
VEN_liberal_79;Liberals;Liberals;Liberals;;;;;;;;;;;x;;;;;;;;;;;;;;;;;;
VEN_liberal_87;National Liberals;National Liberals;National Liberals;;;;;;;;;;;x;;;;;;;;;;;;;;;;;;
VEN_socialist_85;Socialists;Socialists;Socialists;;;;;;;;;;;x;;;;;;;;;;;;;;;;;;
VEN_socialist_99;National Socialists;National Socialists;National Socialists;;;;;;;;;;;x;;;;;;;;;;;;;;;;;;
VEN_reactionary_84;Monarchy Leadership;Monarchy Leadership;Monarchy Leadership;;;;;;;;;;;x;;;;;;;;;;;;;;;;;;
VEN_anarcho_liberal_93;Radical Liberals;Radical Liberals;Radical Liberals;;;;;;;;;;;x;;;;;;;;;;;;;;;;;;
VEN_communist_86;Communists;Communists;Communists;;;;;;;;;;;x;;;;;;;;;;;;;;;;;;
VEN_fascist_72;Fascists;Fascists;Fascists;;;;;;;;;;;x;;;;;;;;;;;;;;;;;;
BRE;Bremen;Bremen;Bremen;;;;;;;;;;;x
BRE_proletarian_dictatorship;People's Republic of Bremen;People's Republic of Bremen;People's Republic of Bremen;;;;;;;;;;;x
BRE_presidential_dictatorship;Republic of Bremen;Republic of Bremen;Republic of Bremen;;;;;;;;;;;x
BRE_colonial_company;Bremen;Bremen;Bremen;;;;;;;;;;;x
BRE_dominion;Bremen;Bremen;Bremen;;;;;;;;;;;x
BRE_bourgeois_dictatorship;Republic of Bremen;Republic of Bremen;Republic of Bremen;;;;;;;;;;;x
BRE_fascist_dictatorship;Republic of Bremen;Republic of Bremen;Republic of Bremen;;;;;;;;;;;x
BRE_absolute_monarchy;Duchy of Bremen;Duchy of Bremen;Duchy of Bremen;;;;;;;;;;;x
BRE_prussian_constitutionalism;Duchy of Bremen;Duchy of Bremen;Duchy of Bremen;;;;;;;;;;;x
BRE_hms_government;Duchy of Bremen;Duchy of Bremen;Duchy of Bremen;;;;;;;;;;;x
BRE_democracy;Republic of Bremen;Republic of Bremen;Republic of Bremen;;;;;;;;;;;x
BRE_federal_democracy;Republic of Bremen;Republic of Bremen;Republic of Bremen;;;;;;;;;;;x
BRE_theocracy;Bremen;Bremen;Bremen;;;;;;;;;;;x
BRE_french_bourbon;Bremen;Bremen;Bremen;;;;;;;;;;;xGEN;Genoa;Genoa;Genoa;;;;;;;;;;;x
GEN_proletarian_dictatorship;People's Republic of Genoa;People's Republic of Genoa;People's Republic of Genoa;;;;;;;;;;;x
GEN_presidential_dictatorship;Republic of Genoa;Republic of Genoa;Republic of Genoa;;;;;;;;;;;x
GEN_colonial_company;Genoa;Genoa;Genoa;;;;;;;;;;;x
GEN_dominion;Genoa;Genoa;Genoa;;;;;;;;;;;x
GEN_bourgeois_dictatorship;Republic of Genoa;Republic of Genoa;Republic of Genoa;;;;;;;;;;;x
GEN_fascist_dictatorship;Republic of Genoa;Republic of Genoa;Republic of Genoa;;;;;;;;;;;x
GEN_absolute_monarchy;Duchy of Genoa;Duchy of Genoa;Duchy of Genoa;;;;;;;;;;;x
GEN_prussian_constitutionalism;Duchy of Genoa;Duchy of Genoa;Duchy of Genoa;;;;;;;;;;;x
GEN_hms_government;Duchy of Genoa;Duchy of Genoa;Duchy of Genoa;;;;;;;;;;;x
GEN_democracy;Republic of Genoa;Republic of Genoa;Republic of Genoa;;;;;;;;;;;x
GEN_federal_democracy;Republic of Genoa;Republic of Genoa;Republic of Genoa;;;;;;;;;;;x
GEN_theocracy;Genoa;Genoa;Genoa;;;;;;;;;;;x
GEN_french_bourbon;Genoa;Genoa;Genoa;;;;;;;;;;;xLOM;Lombardy;Lombardy;Lombardy;;;;;;;;;;;x
LOM_proletarian_dictatorship;People's Republic of Lombardy;People's Republic of Lombardy;People's Republic of Lombardy;;;;;;;;;;;x
LOM_presidential_dictatorship;Republic of Lombardy;Republic of Lombardy;Republic of Lombardy;;;;;;;;;;;x
LOM_colonial_company;Lombardy;Lombardy;Lombardy;;;;;;;;;;;x
LOM_dominion;Lombardy;Lombardy;Lombardy;;;;;;;;;;;x
LOM_bourgeois_dictatorship;Republic of Lombardy;Republic of Lombardy;Republic of Lombardy;;;;;;;;;;;x
LOM_fascist_dictatorship;Republic of Lombardy;Republic of Lombardy;Republic of Lombardy;;;;;;;;;;;x
LOM_absolute_monarchy;Duchy of Lombardy;Duchy of Lombardy;Duchy of Lombardy;;;;;;;;;;;x
LOM_prussian_constitutionalism;Duchy of Lombardy;Duchy of Lombardy;Duchy of Lombardy;;;;;;;;;;;x
LOM_hms_government;Duchy of Lombardy;Duchy of Lombardy;Duchy of Lombardy;;;;;;;;;;;x
LOM_democracy;Republic of Lombardy;Republic of Lombardy;Republic of Lombardy;;;;;;;;;;;x
LOM_federal_democracy;Republic of Lombardy;Republic of Lombardy;Republic of Lombardy;;;;;;;;;;;x
LOM_theocracy;Lombardy;Lombardy;Lombardy;;;;;;;;;;;x
LOM_french_bourbon;Lombardy;Lombardy;Lombardy;;;;;;;;;;;xMON;Montenegro;Montenegro;Montenegro;;;;;;;;;;;x
MON_proletarian_dictatorship;People's Republic of Montenegro;People's Republic of Montenegro;People's Republic of Montenegro;;;;;;;;;;;x
MON_presidential_dictatorship;Republic of Montenegro;Republic of Montenegro;Republic of Montenegro;;;;;;;;;;;x
MON_colonial_company;Montenegro;Montenegro;Montenegro;;;;;;;;;;;x
MON_dominion;Montenegro;Montenegro;Montenegro;;;;;;;;;;;x
MON_bourgeois_dictatorship;Republic of Montenegro;Republic of Montenegro;Republic of Montenegro;;;;;;;;;;;x
MON_fascist_dictatorship;Republic of Montenegro;Republic of Montenegro;Republic of Montenegro;;;;;;;;;;;x
MON_absolute_monarchy;Kingdom of Montenegro;Kingdom of Montenegro;Kingdom of Montenegro;;;;;;;;;;;x
MON_prussian_constitutionalism;Kingdom of Montenegro;Kingdom of Montenegro;Kingdom of Montenegro;;;;;;;;;;;x
MON_hms_government;Kingdom of Montenegro;Kingdom of Montenegro;Kingdom of Montenegro;;;;;;;;;;;x
MON_democracy;Republic of Montenegro;Republic of Montenegro;Republic of Montenegro;;;;;;;;;;;x
MON_federal_democracy;Republic of Montenegro;Republic of Montenegro;Republic of Montenegro;;;;;;;;;;;x
MON_theocracy;Montenegro;Montenegro;Montenegro;;;;;;;;;;;x
MON_french_bourbon;Montenegro;Montenegro;Montenegro;;;;;;;;;;;xSIC;Naples;Naples;Naples;;;;;;;;;;;x
SIC_proletarian_dictatorship;Socialist State of Naples;Socialist State of Naples;Socialist State of Naples;;;;;;;;;;;x
SIC_presidential_dictatorship;Republic of Naples;Republic of Naples;Republic of Naples;;;;;;;;;;;x
SIC_colonial_company;Naples;Naples;Naples;;;;;;;;;;;x
SIC_dominion;Naples;Naples;Naples;;;;;;;;;;;x
SIC_bourgeois_dictatorship;Republic of Naples;Republic of Naples;Republic of Naples;;;;;;;;;;;x
SIC_fascist_dictatorship;Greater Italia;Greater Italia;Greater Italia;;;;;;;;;;;x
SIC_absolute_monarchy;Kingdom of Naples;Kingdom of Naples;Kingdom of Naples;;;;;;;;;;;x
SIC_prussian_constitutionalism;Kingdom of Naples;Kingdom of Naples;Kingdom of Naples;;;;;;;;;;;x
SIC_hms_government;Kingdom of Naples;Kingdom of Naples;Kingdom of Naples;;;;;;;;;;;x
SIC_democracy;Republic of Naples;Republic of Naples;Republic of Naples;;;;;;;;;;;x
SIC_federal_democracy;Republic of Naples;Republic of Naples;Republic of Naples;;;;;;;;;;;x
SIC_theocracy;Naples;Naples;Naples;;;;;;;;;;;x
SIC_french_bourbon;Naples;Naples;Naples;;;;;;;;;;;xPAP;Rome;Rome;Rome;;;;;;;;;;;x
PAP_proletarian_dictatorship;Council State of Rome;Council State of Rome;Council State of Rome;;;;;;;;;;;x
PAP_presidential_dictatorship;Roman Republic;Roman Republic;Roman Republic;;;;;;;;;;;x
PAP_colonial_company;Rome;Rome;Rome;;;;;;;;;;;x
PAP_dominion;Rome;Rome;Rome;;;;;;;;;;;x
PAP_bourgeois_dictatorship;Roman Republic;Roman Republic;Roman Republic;;;;;;;;;;;x
PAP_fascist_dictatorship;Roman Empire;Roman Empire;Roman Empire;;;;;;;;;;;x
PAP_absolute_monarchy;Duchy of Rome;Duchy of Rome;Duchy of Rome;;;;;;;;;;;x
PAP_prussian_constitutionalism;Duchy of Rome;Duchy of Rome;Duchy of Rome;;;;;;;;;;;x
PAP_hms_government;Duchy of Rome;Duchy of Rome;Duchy of Rome;;;;;;;;;;;x
PAP_democracy;Roman Republic;Roman Republic;Roman Republic;;;;;;;;;;;x
PAP_federal_democracy;Roman Republic;Roman Republic;Roman Republic;;;;;;;;;;;x
PAP_theocracy;Rome;Rome;Rome;;;;;;;;;;;x
PAP_french_bourbon;Rome;Rome;Rome;;;;;;;;;;;xRMG;Romagna;Romagna;Romagna;;;;;;;;;;;x
RMG_proletarian_dictatorship;People's Republic of Romagna;People's Republic of Romagna;People's Republic of Romagna;;;;;;;;;;;x
RMG_presidential_dictatorship;Republic of Romagna;Republic of Romagna;Republic of Romagna;;;;;;;;;;;x
RMG_colonial_company;Romagna;Romagna;Romagna;;;;;;;;;;;x
RMG_dominion;Romagna;Romagna;Romagna;;;;;;;;;;;x
RMG_bourgeois_dictatorship;Republic of Romagna;Republic of Romagna;Republic of Romagna;;;;;;;;;;;x
RMG_fascist_dictatorship;Republic of Romagna;Republic of Romagna;Republic of Romagna;;;;;;;;;;;x
RMG_absolute_monarchy;Duchy of Romagna;Duchy of Romagna;Duchy of Romagna;;;;;;;;;;;x
RMG_prussian_constitutionalism;Duchy of Romagna;Duchy of Romagna;Duchy of Romagna;;;;;;;;;;;x
RMG_hms_government;Duchy of Romagna;Duchy of Romagna;Duchy of Romagna;;;;;;;;;;;x
RMG_democracy;Republic of Romagna;Republic of Romagna;Republic of Romagna;;;;;;;;;;;x
RMG_federal_democracy;Republic of Romagna;Republic of Romagna;Republic of Romagna;;;;;;;;;;;x
RMG_theocracy;Romagna;Romagna;Romagna;;;;;;;;;;;x
RMG_french_bourbon;Romagna;Romagna;Romagna;;;;;;;;;;;xSVY;Savoy;Savoy;Savoy;;;;;;;;;;;x
SVY_proletarian_dictatorship;People's Republic of Savoy;People's Republic of Savoy;People's Republic of Savoy;;;;;;;;;;;x
SVY_presidential_dictatorship;Republic of Savoy;Republic of Savoy;Republic of Savoy;;;;;;;;;;;x
SVY_colonial_company;Savoy;Savoy;Savoy;;;;;;;;;;;x
SVY_dominion;Savoy;Savoy;Savoy;;;;;;;;;;;x
SVY_bourgeois_dictatorship;Republic of Savoy;Republic of Savoy;Republic of Savoy;;;;;;;;;;;x
SVY_fascist_dictatorship;Republic of Savoy;Republic of Savoy;Republic of Savoy;;;;;;;;;;;x
SVY_absolute_monarchy;Duchy of Savoy;Duchy of Savoy;Duchy of Savoy;;;;;;;;;;;x
SVY_prussian_constitutionalism;Duchy of Savoy;Duchy of Savoy;Duchy of Savoy;;;;;;;;;;;x
SVY_hms_government;Duchy of Savoy;Duchy of Savoy;Duchy of Savoy;;;;;;;;;;;x
SVY_democracy;Republic of Savoy;Republic of Savoy;Republic of Savoy;;;;;;;;;;;x
SVY_federal_democracy;Republic of Savoy;Republic of Savoy;Republic of Savoy;;;;;;;;;;;x
SVY_theocracy;Savoy;Savoy;Savoy;;;;;;;;;;;x
SVY_french_bourbon;Savoy;Savoy;Savoy;;;;;;;;;;;x
SLV;Carpathia;Carpathia;Carpathia;;;;;;;;;;;x
SLV_proletarian_dictatorship;Union of Carpathian Council Republics;Union of Carpathian Council Republics;Union of Carpathian Council Republics;;;;;;;;;;;x
SLV_presidential_dictatorship;Confederation of Carpathia;Confederation of Carpathia;Confederation of Carpathia;;;;;;;;;;;x
SLV_colonial_company;Carpathia;Carpathia;Carpathia;;;;;;;;;;;x
SLV_dominion;Carpathia;Carpathia;Carpathia;;;;;;;;;;;x
SLV_bourgeois_dictatorship;Confederation of Carpathia;Confederation of Carpathia;Confederation of Carpathia;;;;;;;;;;;x
SLV_fascist_dictatorship;Kingdom of Great Moravia;Kingdom of Great Moravia;Kingdom of Great Moravia;;;;;;;;;;;x
SLV_absolute_monarchy;Triarchy of Carpathia;Triarchy of Carpathia;Triarchy of Carpathia;;;;;;;;;;;x
SLV_prussian_constitutionalism;Triarchy of Carpathia;Triarchy of Carpathia;Triarchy of Carpathia;;;;;;;;;;;x
SLV_hms_government;Triarchy of Carpathia;Triarchy of Carpathia;Triarchy of Carpathia;;;;;;;;;;;x
SLV_democracy;Confederation of Carpathia;Confederation of Carpathia;Confederation of Carpathia;;;;;;;;;;;x
SLV_federal_democracy;Confederation of Carpathia;Confederation of Carpathia;Confederation of Carpathia;;;;;;;;;;;x
SLV_theocracy;Carpathia;Carpathia;Carpathia;;;;;;;;;;;x
SLV_french_bourbon;Carpathia;Carpathia;Carpathia;;;;;;;;;;;x
SLV_conservative;National Constitution Party;National Constitution Party;National Constitution Party;;;;;;;;;;;x
SLV_liberal;National Progressive Party;National Progressive Party;National Progressive Party;;;;;;;;;;;x
SLV_reactionary;Carpathian Peoples' Party;Carpathian Peoples' Party;Carpathian Peoples' Party;;;;;;;;;;;x
SLV_anarcho_liberal;Cooperate Council of Carpathia;Cooperate Council of Carpathia;Cooperate Council of Carpathia;;;;;;;;;;;x
SLV_socialist;The Party of Carpathian Workers;The Party of Carpathian Workers;The Party of Carpathian Workers;;;;;;;;;;;x
SLV_communist;Workers League of Carpathia;Workers League of Carpathia;Workers League of Carpathia;;;;;;;;;;;x
SLV_fascist;Party of Moravian Catholics;Party of Moravian Catholics;Party of Moravian Catholics;;;;;;;;;;;x
TUS;Tuscany;Tuscany;Tuscany;;;;;;;;;;;x
TUS_proletarian_dictatorship;People's Republic of Tuscany;People's Republic of Tuscany;People's Republic of Tuscany;;;;;;;;;;;x
TUS_presidential_dictatorship;Republic of Tuscany;Republic of Tuscany;Republic of Tuscany;;;;;;;;;;;x
TUS_colonial_company;Tuscany;Tuscany;Tuscany;;;;;;;;;;;x
TUS_dominion;Tuscany;Tuscany;Tuscany;;;;;;;;;;;x
TUS_bourgeois_dictatorship;Republic of Tuscany;Republic of Tuscany;Republic of Tuscany;;;;;;;;;;;x
TUS_fascist_dictatorship;Republic of Tuscany;Republic of Tuscany;Republic of Tuscany;;;;;;;;;;;x
TUS_absolute_monarchy;Duchy of Tuscany;Duchy of Tuscany;Duchy of Tuscany;;;;;;;;;;;x
TUS_prussian_constitutionalism;Duchy of Tuscany;Duchy of Tuscany;Duchy of Tuscany;;;;;;;;;;;x
TUS_hms_government;Duchy of Tuscany;Duchy of Tuscany;Duchy of Tuscany;;;;;;;;;;;x
TUS_democracy;Republic of Tuscany;Republic of Tuscany;Republic of Tuscany;;;;;;;;;;;x
TUS_federal_democracy;Republic of Tuscany;Republic of Tuscany;Republic of Tuscany;;;;;;;;;;;x
TUS_theocracy;Tuscany;Tuscany;Tuscany;;;;;;;;;;;x
TUS_french_bourbon;Tuscany;Tuscany;Tuscany;;;;;;;;;;;x
TST;Tirol;Tirol;Tirol;;;;;;;;;;;x
TST_proletarian_dictatorship;People's Republic of Tirol;People's Republic of Tirol;People's Republic of Tirol;;;;;;;;;;;x
TST_presidential_dictatorship;Republic of Tirol;Republic of Tirol;Republic of Tirol;;;;;;;;;;;x
TST_colonial_company;Tirol;Tirol;Tirol;;;;;;;;;;;x
TST_dominion;Tirol;Tirol;Tirol;;;;;;;;;;;x
TST_bourgeois_dictatorship;Republic of Tirol;Republic of Tirol;Republic of Tirol;;;;;;;;;;;x
TST_fascist_dictatorship;Republic of Tirol;Republic of Tirol;Republic of Tirol;;;;;;;;;;;x
TST_absolute_monarchy;Duchy of Tirol;Duchy of Tirol;Duchy of Tirol;;;;;;;;;;;x
TST_prussian_constitutionalism;Duchy of Tirol;Duchy of Tirol;Duchy of Tirol;;;;;;;;;;;x
TST_hms_government;Duchy of Tirol;Duchy of Tirol;Duchy of Tirol;;;;;;;;;;;x
TST_democracy;Republic of Tirol;Republic of Tirol;Republic of Tirol;;;;;;;;;;;x
TST_federal_democracy;Republic of Tirol;Republic of Tirol;Republic of Tirol;;;;;;;;;;;x
TST_theocracy;Tirol;Tirol;Tirol;;;;;;;;;;;x
TST_french_bourbon;Tirol;Tirol;Tirol;;;;;;;;;;;x